id,label
/home/an/spbu_deep_learning/classification/splitted/test/3b410f21-1b1f-415e-923d-5f6d8b90c9e7.jpg,0
/home/an/spbu_deep_learning/classification/splitted/test/ec8dd411-83cc-44f8-8f8b-aa73a4ca000d.png,1
/home/an/spbu_deep_learning/classification/splitted/test/bcb683b4-3b60-4e89-84ab-bc14a454ad73.png,16
/home/an/spbu_deep_learning/classification/splitted/test/174485c2-d264-4cc2-b8f5-35084b70948d.png,12
/home/an/spbu_deep_learning/classification/splitted/test/ad5802f4-1b48-4184-b696-399a6ec0a063.png,13
/home/an/spbu_deep_learning/classification/splitted/test/ed1bd3c4-1eda-4c4d-b1db-755b6e2748e8.png,1
/home/an/spbu_deep_learning/classification/splitted/test/4b31de5a-78af-4b8f-8074-b3e183409209.png,16
/home/an/spbu_deep_learning/classification/splitted/test/91893641-0081-4960-b851-87c978d73823.png,16
/home/an/spbu_deep_learning/classification/splitted/test/7fc4a522-ea59-4831-a572-91451065f0f2.jpg,13
/home/an/spbu_deep_learning/classification/splitted/test/f2b8a686-961d-49f6-a742-e54f3df53b47.png,16
/home/an/spbu_deep_learning/classification/splitted/test/7100a2c8-0bbb-41f1-bad8-eb7ea9b20041.png,7
/home/an/spbu_deep_learning/classification/splitted/test/7870a01d-9a3c-460e-b8be-55d1479bdb89.png,3
/home/an/spbu_deep_learning/classification/splitted/test/fa3975ed-d053-4a29-a56f-ccd2df2f27a2.png,0
/home/an/spbu_deep_learning/classification/splitted/test/8c9e36bf-01bb-4646-9a0c-d87ef6812d18.png,15
/home/an/spbu_deep_learning/classification/splitted/test/a54f841c-2e00-47e2-a021-855f012d3841.png,2
/home/an/spbu_deep_learning/classification/splitted/test/7ca9d11a-a0bb-43ce-bbed-c2ce3c7fc6f3.png,0
/home/an/spbu_deep_learning/classification/splitted/test/15330d2d-51d8-4f97-a4ee-b8a14f532a15.png,12
/home/an/spbu_deep_learning/classification/splitted/test/b4d4cbc7-5154-487d-a907-15efb405c90e.jpg,9
/home/an/spbu_deep_learning/classification/splitted/test/45622d35-caf3-4a9c-ad34-8edd0d20f56e.jpg,13
/home/an/spbu_deep_learning/classification/splitted/test/7d0b430d-9a4d-4c7e-95e0-ec00b67b35c6.png,16
/home/an/spbu_deep_learning/classification/splitted/test/5689e8f1-c6b6-48d7-ac67-22bcc00e03c9.png,1
/home/an/spbu_deep_learning/classification/splitted/test/7bf4aff3-dccc-463e-8cb5-19c76c793426.png,4
/home/an/spbu_deep_learning/classification/splitted/test/6cc70d3d-9d00-4df9-b939-1b9a8ee35106.png,4
/home/an/spbu_deep_learning/classification/splitted/test/3109f5af-f69a-4fa0-90a1-64d5a2563534.png,3
/home/an/spbu_deep_learning/classification/splitted/test/d8220285-c848-4a83-a2b4-8636a62c8ee7.png,5
/home/an/spbu_deep_learning/classification/splitted/test/a0b7d176-bce3-48d1-a402-90712560f367.png,4
/home/an/spbu_deep_learning/classification/splitted/test/451ba269-7105-4cf5-8408-12aae4eafa71.jpg,14
/home/an/spbu_deep_learning/classification/splitted/test/de74dd15-80a8-4abd-b33e-bb1a99f1a100.png,10
/home/an/spbu_deep_learning/classification/splitted/test/cdda675e-8bfa-49fe-b2af-0d95013a8529.png,13
/home/an/spbu_deep_learning/classification/splitted/test/4a8e41f2-7aea-4aa1-aada-88f6189e2934.png,5
/home/an/spbu_deep_learning/classification/splitted/test/9971041f-4b3f-4267-8588-45f4cadfe690.png,11
/home/an/spbu_deep_learning/classification/splitted/test/68fd1169-e305-4835-937b-072b4e83e3f5.jpg,16
/home/an/spbu_deep_learning/classification/splitted/test/5eafa5c4-1fb0-4093-9305-6da096d30442.png,1
/home/an/spbu_deep_learning/classification/splitted/test/992d47d5-292f-469a-b91b-4f74892fc014.png,16
/home/an/spbu_deep_learning/classification/splitted/test/101a6e79-7cc7-43e5-bdbd-792eeec82880.png,4
/home/an/spbu_deep_learning/classification/splitted/test/7c1a5ef2-76f4-4b5d-b215-cedf9700db04.jpg,14
/home/an/spbu_deep_learning/classification/splitted/test/7d0d3ec6-9a1c-419e-8780-253e0035e252.png,8
/home/an/spbu_deep_learning/classification/splitted/test/90df3f4d-3a48-48ff-a52b-a5075cfe52b5.png,6
/home/an/spbu_deep_learning/classification/splitted/test/2cabe7f2-ec17-4055-b581-4e4aaf7478c0.jpg,13
/home/an/spbu_deep_learning/classification/splitted/test/1600d2e7-050f-44f5-bf95-7c4f78280da1.jpg,2
/home/an/spbu_deep_learning/classification/splitted/test/4157d2b8-d67c-447a-ab25-4f46e4a42187.png,8
/home/an/spbu_deep_learning/classification/splitted/test/92b57343-d9e5-457d-a3b6-c287fd78a1b9.png,2
/home/an/spbu_deep_learning/classification/splitted/test/2cc3a47a-9c69-419c-97de-ddc8400a862c.png,1
/home/an/spbu_deep_learning/classification/splitted/test/2bfaf3dd-d5ee-4dd6-870a-21d82d0d6680.png,4
/home/an/spbu_deep_learning/classification/splitted/test/47c37a3f-937e-458a-a8e5-d182d91e1023.jpg,13
/home/an/spbu_deep_learning/classification/splitted/test/b9450317-bb6f-4739-b0ff-f30cb182266e.png,8
/home/an/spbu_deep_learning/classification/splitted/test/3c3d3180-c8fa-484c-a23d-b98f26676c0e.jpg,14
/home/an/spbu_deep_learning/classification/splitted/test/d86bf090-d582-4a26-b632-f4e16480164a.png,16
/home/an/spbu_deep_learning/classification/splitted/test/6039bf8a-d10f-449e-bf14-59a1b22cc4a0.png,10
/home/an/spbu_deep_learning/classification/splitted/test/1ac9d686-dbc5-4f91-b3eb-2e60e9b90617.png,0
/home/an/spbu_deep_learning/classification/splitted/test/1890fa88-7d8b-42a5-8662-85a160957486.jpg,13
/home/an/spbu_deep_learning/classification/splitted/test/910dcb64-333c-48e6-b86e-8ad58462f4ee.png,10
/home/an/spbu_deep_learning/classification/splitted/test/7e4df988-3a4a-4a06-81ad-82424df9b7c4.png,7
/home/an/spbu_deep_learning/classification/splitted/test/6967c4f6-bd70-41df-aedc-92321e86c6f6.jpg,14
/home/an/spbu_deep_learning/classification/splitted/test/5d53a15a-5016-4172-a470-9ce5bbf12347.png,5
/home/an/spbu_deep_learning/classification/splitted/test/cc3b42f3-58b1-4088-96a3-1e21c3deff4a.png,3
/home/an/spbu_deep_learning/classification/splitted/test/68a3874d-ff93-4c72-a683-3c922661b674.png,5
/home/an/spbu_deep_learning/classification/splitted/test/28ac25bb-4b01-46e4-a1b6-595bc8cae04d.jpg,0
/home/an/spbu_deep_learning/classification/splitted/test/f6bea0d8-392d-4a83-80bb-22b8555b8bbf.png,6
/home/an/spbu_deep_learning/classification/splitted/test/d0ef53ee-88d2-4610-882c-b7c3d4674585.png,16
/home/an/spbu_deep_learning/classification/splitted/test/7ccd21db-cc73-4cc7-8a2a-6a0ac6cded9b.jpg,6
/home/an/spbu_deep_learning/classification/splitted/test/ce9adf72-8768-4f7f-a68c-d4fd91a05f09.jpg,17
/home/an/spbu_deep_learning/classification/splitted/test/67d8213f-00ce-4130-a43a-f3983d6c5fc1.png,3
/home/an/spbu_deep_learning/classification/splitted/test/8643c18d-cd8c-4fa5-8a7a-931e97ba2add.jpg,8
/home/an/spbu_deep_learning/classification/splitted/test/b5bfff81-ea44-4e61-b63e-72eed3788f4b.png,7
/home/an/spbu_deep_learning/classification/splitted/test/fb692e36-c8f0-4273-88b6-892ef43b650d.png,2
/home/an/spbu_deep_learning/classification/splitted/test/6cf4cdc6-bbb9-423f-83a0-b0c223383e4b.png,13
/home/an/spbu_deep_learning/classification/splitted/test/cfff354a-81f6-475f-bf70-02e067324506.png,7
/home/an/spbu_deep_learning/classification/splitted/test/9211e7d9-6f83-4152-a59b-52e8da1487ae.png,7
/home/an/spbu_deep_learning/classification/splitted/test/74c9bc12-b7a7-4e09-81c0-a750fa72d0f7.jpg,13
/home/an/spbu_deep_learning/classification/splitted/test/69350e65-2a5b-44cf-937f-0d79e8aff93d.png,16
/home/an/spbu_deep_learning/classification/splitted/test/ec5ff65d-5e97-4fa8-bd34-13f8dfd1dab1.png,16
/home/an/spbu_deep_learning/classification/splitted/test/aebd5d8f-a5b2-440c-a072-a0f7d0afb813.png,1
/home/an/spbu_deep_learning/classification/splitted/test/1738afd0-0a23-48bd-a8dd-a3751eedcfd2.png,15
/home/an/spbu_deep_learning/classification/splitted/test/3800a84e-6465-423a-818f-24d37773d122.png,8
/home/an/spbu_deep_learning/classification/splitted/test/1b0476df-1b0a-4643-9519-cf130f44a213.jpg,17
/home/an/spbu_deep_learning/classification/splitted/test/f3817e7e-dd3f-41ab-b50b-5e0a8f52722c.jpg,17
/home/an/spbu_deep_learning/classification/splitted/test/73802718-867a-4810-8f45-3480a55c78a8.jpg,9
/home/an/spbu_deep_learning/classification/splitted/test/03fbe8f8-2d96-4738-bb58-2a1f69e4b799.png,7
/home/an/spbu_deep_learning/classification/splitted/test/8e15a00e-3542-455c-b199-dacc47ffe93e.png,5
/home/an/spbu_deep_learning/classification/splitted/test/bc383478-56de-4a29-bf45-6cfb21cad436.png,0
/home/an/spbu_deep_learning/classification/splitted/test/88bb8b0c-3c32-4308-81f0-92aab5af5f1f.png,16
/home/an/spbu_deep_learning/classification/splitted/test/c1c64123-8905-4977-baa5-3675d50769a5.jpg,14
/home/an/spbu_deep_learning/classification/splitted/test/a7ec7366-790c-4a12-abd2-f68ef1b808e9.png,1
/home/an/spbu_deep_learning/classification/splitted/test/fa3687aa-4ff4-4344-a83a-7867221e32c2.png,0
/home/an/spbu_deep_learning/classification/splitted/test/fb77f113-e688-47c1-af24-a3c9b19c440a.png,12
/home/an/spbu_deep_learning/classification/splitted/test/1829b076-6b5d-4648-ad1a-3d638c1aaf97.png,11
/home/an/spbu_deep_learning/classification/splitted/test/089c7cf7-3c67-4eae-a638-9383807528be.png,4
/home/an/spbu_deep_learning/classification/splitted/test/87c62a53-5744-4763-8c46-fd7f036d261a.png,1
/home/an/spbu_deep_learning/classification/splitted/test/990a808e-5d88-4214-8622-47fc120142dd.jpg,7
/home/an/spbu_deep_learning/classification/splitted/test/db55e63f-ad91-491c-8e01-a2619ea9a4be.png,8
/home/an/spbu_deep_learning/classification/splitted/test/0f123e06-8037-4078-8a59-3c2b1f209669.png,0
/home/an/spbu_deep_learning/classification/splitted/test/f8e74dd4-299c-4fb4-815d-13152c7d2c8e.png,7
/home/an/spbu_deep_learning/classification/splitted/test/0cb1d843-8f09-4ecd-9ad6-1413c07a466e.jpg,14
/home/an/spbu_deep_learning/classification/splitted/test/6310d0c9-ca07-4acf-bf64-f47791f31e6a.png,3
/home/an/spbu_deep_learning/classification/splitted/test/4cdd401c-274d-4ea4-aaa8-b24f98e87ce4.png,6
/home/an/spbu_deep_learning/classification/splitted/test/daff6b32-574b-4af6-a0ba-50b2ecf1cbed.png,4
/home/an/spbu_deep_learning/classification/splitted/test/29b74340-5057-4833-9128-ed01ca759b24.png,3
/home/an/spbu_deep_learning/classification/splitted/test/58d8b53c-1e90-4b10-9545-bcc8396fa4cf.png,4
/home/an/spbu_deep_learning/classification/splitted/test/0a394d58-28ad-4197-966b-a64c7888e679.png,12
/home/an/spbu_deep_learning/classification/splitted/test/fa61e05a-133a-444a-bde4-127bec37e66f.png,0
/home/an/spbu_deep_learning/classification/splitted/test/61589581-88b9-4db1-afcb-8239cbcd5cb5.png,2
/home/an/spbu_deep_learning/classification/splitted/test/6ae0aca0-643b-4190-935f-857c1b134c9e.jpg,17
/home/an/spbu_deep_learning/classification/splitted/test/3cee6cb2-0063-4f94-9f19-d21de0a25afd.png,15
/home/an/spbu_deep_learning/classification/splitted/test/bdf4a2bb-9b70-4806-94e0-bcf4d64a0a8d.png,3
/home/an/spbu_deep_learning/classification/splitted/test/a5fe8591-eb6a-4524-9fd3-3406445e6688.jpg,13
/home/an/spbu_deep_learning/classification/splitted/test/6c74ab33-85e7-461f-baef-d75b91157776.png,16
/home/an/spbu_deep_learning/classification/splitted/test/cfd3421d-60a7-4b1a-bf5c-fd7efa24c309.jpg,14
/home/an/spbu_deep_learning/classification/splitted/test/e3614a1b-1ebb-42b8-862e-fdc20218422b.jpg,14
/home/an/spbu_deep_learning/classification/splitted/test/efda51ec-8fd2-4554-a31a-68108ec43888.jpg,0
/home/an/spbu_deep_learning/classification/splitted/test/f9acb901-f619-42a4-8acf-59e9dc637f8b.png,17
/home/an/spbu_deep_learning/classification/splitted/test/906eb257-c17e-44dd-9230-158f416e6327.jpg,14
/home/an/spbu_deep_learning/classification/splitted/test/a22966e1-892b-438d-946f-34caf84a0d26.jpg,13
/home/an/spbu_deep_learning/classification/splitted/test/c43fa7a0-afe6-4bda-8052-4485464cdca2.png,16
/home/an/spbu_deep_learning/classification/splitted/test/1fee4466-3931-47f4-bdaf-4304edab22aa.png,5
/home/an/spbu_deep_learning/classification/splitted/test/2a15b61e-84a7-45f3-bb67-763a4b2cba7a.jpg,13
/home/an/spbu_deep_learning/classification/splitted/test/3960f194-8092-4ef9-9924-814d0f4ffe38.png,16
/home/an/spbu_deep_learning/classification/splitted/test/64e03985-6ff5-43fc-a1da-e581dd61c0c7.png,7
/home/an/spbu_deep_learning/classification/splitted/test/f3f4a9f9-a055-48ee-aa0e-222b35f978e2.png,1
/home/an/spbu_deep_learning/classification/splitted/test/40ac7c57-3a72-46c6-94c5-d18009f20c50.png,2
/home/an/spbu_deep_learning/classification/splitted/test/a2fe3409-a4b9-409a-b508-724e71347032.png,10
/home/an/spbu_deep_learning/classification/splitted/test/602e58bf-8317-435e-b6df-63601dcd3326.png,5
/home/an/spbu_deep_learning/classification/splitted/test/c5f2778d-85bf-467e-ac46-626055aa2e9d.png,1
/home/an/spbu_deep_learning/classification/splitted/test/9b9aa5d8-1df1-412c-867e-f477207e848c.jpg,0
/home/an/spbu_deep_learning/classification/splitted/test/7fd28f99-f81f-406d-921f-98d31a262dd3.png,4
/home/an/spbu_deep_learning/classification/splitted/test/d6fd0487-5e40-4408-94e2-4bdfcc9b4d4c.png,1
/home/an/spbu_deep_learning/classification/splitted/test/119ac03a-3b9e-4b11-b5b2-9e665e1dc7c4.png,15
/home/an/spbu_deep_learning/classification/splitted/test/768c60f0-d293-490a-9a41-ee48cd88d80f.png,12
/home/an/spbu_deep_learning/classification/splitted/test/bf05591f-e95b-4312-9f46-404a952242ba.png,7
/home/an/spbu_deep_learning/classification/splitted/test/88f6f8c2-d752-4876-b3c0-a5407ecd30f3.png,12
/home/an/spbu_deep_learning/classification/splitted/test/1bce4ae3-a984-410e-ae3d-d010e245199b.jpg,6
/home/an/spbu_deep_learning/classification/splitted/test/0f15d71d-a94c-4638-aaf2-170d288be9c1.png,7
/home/an/spbu_deep_learning/classification/splitted/test/cd6618c3-7116-4d05-b847-06c8e55f60cf.png,11
/home/an/spbu_deep_learning/classification/splitted/test/3375e62c-a1aa-4a2d-a932-05895928572c.jpg,17
/home/an/spbu_deep_learning/classification/splitted/test/ca91a4f3-cdab-45a0-b9c7-b89ddb7758b5.png,6
/home/an/spbu_deep_learning/classification/splitted/test/a50e31ea-0e3b-4552-8c19-b103601389f4.png,8
/home/an/spbu_deep_learning/classification/splitted/test/5cdaf3e1-3fdc-4c2f-8cbe-9ae8b977721c.png,11
/home/an/spbu_deep_learning/classification/splitted/test/f399bc4b-b003-4473-925e-931e38f84bff.jpg,13
/home/an/spbu_deep_learning/classification/splitted/test/248a312c-cbc3-4416-b558-db368f71cc79.png,8
/home/an/spbu_deep_learning/classification/splitted/test/8bf58cef-1c4b-4126-a1d0-95ad89aa0720.jpg,13
/home/an/spbu_deep_learning/classification/splitted/test/6e9ef0cb-96a1-4a38-92c9-2719a9c9828e.png,7
/home/an/spbu_deep_learning/classification/splitted/test/ed889294-200c-4ebd-bf07-defe48b2b4b0.png,16
/home/an/spbu_deep_learning/classification/splitted/test/2c3ce5b8-07b4-40e7-8e45-b26c5c1fc8da.png,16
/home/an/spbu_deep_learning/classification/splitted/test/36fbf268-097b-4fcf-afd0-b594046b0341.png,16
/home/an/spbu_deep_learning/classification/splitted/test/8d83caa2-d919-4664-88b4-9c71d2f6fccc.png,10
/home/an/spbu_deep_learning/classification/splitted/test/8cde96f6-b48c-4035-9ab0-1e47dd239dbd.jpg,14
/home/an/spbu_deep_learning/classification/splitted/test/1e83f4fb-20f6-4b97-a0ed-31b558aea9b5.png,12
/home/an/spbu_deep_learning/classification/splitted/test/2c2acc98-6254-446a-a41a-d3783cfd9512.png,4
/home/an/spbu_deep_learning/classification/splitted/test/042dc4f2-777f-4628-bc00-0f9cfd975eab.png,0
/home/an/spbu_deep_learning/classification/splitted/test/c16304dc-c75d-4d49-b0a7-d985c8810902.jpg,17
/home/an/spbu_deep_learning/classification/splitted/test/31e2edaf-794d-436f-a788-49e9aaa95582.png,16
/home/an/spbu_deep_learning/classification/splitted/test/e77fce50-5edd-41b3-ac76-e630ae719aac.png,10
/home/an/spbu_deep_learning/classification/splitted/test/00efbf59-d4c4-4d7e-8bc6-86af36367515.png,10
/home/an/spbu_deep_learning/classification/splitted/test/8230be9f-9f78-4119-b11d-1fef1f4d1274.png,15
/home/an/spbu_deep_learning/classification/splitted/test/d73e2957-4275-4f42-8f8a-6966c213af05.png,4
/home/an/spbu_deep_learning/classification/splitted/test/7fe4ad59-575b-4c97-bd1d-f0ecd002bb44.jpg,0
/home/an/spbu_deep_learning/classification/splitted/test/be2dc5b4-13f8-4bf1-9b1e-73b1afe3fbac.png,11
/home/an/spbu_deep_learning/classification/splitted/test/83e3b07c-7dbc-4c6c-a126-fc1f389e1fca.png,5
/home/an/spbu_deep_learning/classification/splitted/test/2a82b43f-940b-4d2b-986b-0de380ea0e38.png,5
/home/an/spbu_deep_learning/classification/splitted/test/f145da4e-5ee9-4bce-9aae-7b6482cb84a4.jpg,13
/home/an/spbu_deep_learning/classification/splitted/test/c947a3cb-fba9-45d9-928f-defdcb3f91af.png,16
/home/an/spbu_deep_learning/classification/splitted/test/2baaf384-034b-4604-8479-8b808d2c838c.png,4
/home/an/spbu_deep_learning/classification/splitted/test/b80535cd-e94f-4732-a7d9-93f3a1723711.png,5
/home/an/spbu_deep_learning/classification/splitted/test/8356a9e7-4bd7-4697-8b32-711bd917e06b.jpeg,14
/home/an/spbu_deep_learning/classification/splitted/test/da4317ea-8a8e-4b04-bd7d-1a34c1ec8cda.png,9
/home/an/spbu_deep_learning/classification/splitted/test/a117fff3-dfed-4bc7-994d-f93a1a661920.png,5
/home/an/spbu_deep_learning/classification/splitted/test/6669c683-49d2-499e-ba43-74b7cf116c64.png,16
/home/an/spbu_deep_learning/classification/splitted/test/b10eebc1-8f0c-4e8f-9ea8-7d9f43747c54.png,1
/home/an/spbu_deep_learning/classification/splitted/test/8a335acf-7bff-4843-82e4-c0fe4c4c0607.jpg,13
/home/an/spbu_deep_learning/classification/splitted/test/16f0b0cd-1932-4baf-850d-7814a4e567c7.png,0
/home/an/spbu_deep_learning/classification/splitted/test/f114acb3-fe18-478b-a19a-1f4cbe098851.png,7
/home/an/spbu_deep_learning/classification/splitted/test/155cd45c-ceb5-4ac6-aeed-44f26143dc77.png,10
/home/an/spbu_deep_learning/classification/splitted/test/72405b40-e84c-457c-b088-0cedb21e6335.png,15
/home/an/spbu_deep_learning/classification/splitted/test/d4c84464-8dda-4122-b3ee-989ff1ab1c75.png,11
/home/an/spbu_deep_learning/classification/splitted/test/e66c9f17-0b6a-47d9-b2ce-ce42890c7991.png,5
/home/an/spbu_deep_learning/classification/splitted/test/99e6312a-51cb-45a9-a38a-e29c2f753845.png,11
/home/an/spbu_deep_learning/classification/splitted/test/6f3c3b65-3175-4691-8077-6b539818fc8c.png,3
/home/an/spbu_deep_learning/classification/splitted/test/e737bb24-d435-4368-b497-22f3afeab2e9.png,1
/home/an/spbu_deep_learning/classification/splitted/test/4fb27efd-11aa-4b97-bfff-54b477f9bd2c.png,11
/home/an/spbu_deep_learning/classification/splitted/test/cf40b620-914f-40f2-985b-adccff5f7234.jpg,16
/home/an/spbu_deep_learning/classification/splitted/test/d138e167-7a6a-47e9-ad48-ac27dc511bb2.png,3
/home/an/spbu_deep_learning/classification/splitted/test/c0f1eba1-3cd0-42a8-8aa6-7035c2916637.png,3
/home/an/spbu_deep_learning/classification/splitted/test/7e5d966b-823b-4210-aa46-9e13603168e9.png,6
/home/an/spbu_deep_learning/classification/splitted/test/3776419c-4f37-4001-b757-e6ca60ed134e.png,10
/home/an/spbu_deep_learning/classification/splitted/test/9832d8c3-a5c5-4999-be78-2b2c354b419b.png,1
/home/an/spbu_deep_learning/classification/splitted/test/62650667-6d71-4a78-afef-6ee79f11ff91.png,7
/home/an/spbu_deep_learning/classification/splitted/test/df61ac14-d11f-4c28-b5da-2ab3c1d300de.png,5
/home/an/spbu_deep_learning/classification/splitted/test/00c99fe0-e1c9-48ef-8d16-1ea380f190cd.png,6
/home/an/spbu_deep_learning/classification/splitted/test/d7c7ee52-313c-4bd6-83f6-e918c8a22079.png,0
/home/an/spbu_deep_learning/classification/splitted/test/b583fbe9-3d6a-4c5b-bc5b-7caf2829da49.jpg,14
/home/an/spbu_deep_learning/classification/splitted/test/fe5fce50-60ba-474d-8222-54cdabcac2a1.jpg,14
/home/an/spbu_deep_learning/classification/splitted/test/7c307cb2-3f59-41b1-87e5-177179851e68.png,4
/home/an/spbu_deep_learning/classification/splitted/test/b6cb5976-4d2d-48f6-855c-bbe713d8fdb2.jpg,0
/home/an/spbu_deep_learning/classification/splitted/test/c3ca2fac-bde8-4f4e-8da4-a271b5f06cef.png,1
/home/an/spbu_deep_learning/classification/splitted/test/92eb7799-fc72-4cd4-952a-b44eedffc706.png,16
/home/an/spbu_deep_learning/classification/splitted/test/a1109b4a-d516-4845-962d-89443621805b.png,16
/home/an/spbu_deep_learning/classification/splitted/test/c00f97f6-9d5c-4bf9-a7a8-eff3a476acbf.png,0
/home/an/spbu_deep_learning/classification/splitted/test/d75ee88f-f0ed-45ce-80d7-ab337870131a.png,8
/home/an/spbu_deep_learning/classification/splitted/test/31b6d855-e5fd-44cc-873c-58798e3c3c71.jpg,14
/home/an/spbu_deep_learning/classification/splitted/test/851df049-ddcf-4942-b4b2-48d69f640c89.png,0
/home/an/spbu_deep_learning/classification/splitted/test/0d2796ef-c139-4d9f-83a0-ddb11466df19.png,4
/home/an/spbu_deep_learning/classification/splitted/test/122b49c4-829a-4fb3-b86a-2482aea88b74.png,3
/home/an/spbu_deep_learning/classification/splitted/test/cc9809c8-cd9c-4cbb-96d5-5c9d04c59834.jpg,11
/home/an/spbu_deep_learning/classification/splitted/test/fb8d70db-7506-4858-a59b-de8dd65de27d.jpg,17
/home/an/spbu_deep_learning/classification/splitted/test/0150c7db-e962-4570-8072-c78d774639f8.jpg,6
/home/an/spbu_deep_learning/classification/splitted/test/859a1bb3-7e1a-46be-a1b1-f2aab9782749.png,11
/home/an/spbu_deep_learning/classification/splitted/test/088a3307-8662-425a-b991-d84f25ed8798.png,11
/home/an/spbu_deep_learning/classification/splitted/test/b51a66f0-dc79-40f0-bbc2-817dc81bc663.png,8
/home/an/spbu_deep_learning/classification/splitted/test/6d562081-77f1-4139-a321-e66b62f6afc0.png,2
/home/an/spbu_deep_learning/classification/splitted/test/39a5d14c-9920-4f4a-998b-46b0045b977c.png,4
/home/an/spbu_deep_learning/classification/splitted/test/7047619d-6f06-4e67-bd59-5c0d7b82768a.png,11
/home/an/spbu_deep_learning/classification/splitted/test/03ad224e-e62a-4b78-a19d-1dc90f6e9f8e.jpeg,0
/home/an/spbu_deep_learning/classification/splitted/test/fa618b99-96fb-4460-9809-2fa170ec8cbd.png,5
/home/an/spbu_deep_learning/classification/splitted/test/220af6c9-b13b-4201-9593-c8598dca9562.png,5
/home/an/spbu_deep_learning/classification/splitted/test/fcae8bab-86f1-4f11-a673-f414e8b87659.png,16
/home/an/spbu_deep_learning/classification/splitted/test/285aec8d-5e99-4454-811f-601ffa213f4b.png,11
/home/an/spbu_deep_learning/classification/splitted/test/cfc2668e-ea2b-4514-a3cb-26f4a137430b.jpg,6
/home/an/spbu_deep_learning/classification/splitted/test/cb469c9e-e7fd-49ea-a145-86670a80a1d1.png,7
/home/an/spbu_deep_learning/classification/splitted/test/8d3a6f87-1310-432e-8fba-87c7fe31d452.png,3
/home/an/spbu_deep_learning/classification/splitted/test/a6b59933-2b27-4184-8c3c-1e5818c57097.jpg,13
/home/an/spbu_deep_learning/classification/splitted/test/968eae64-2a3c-4e5e-9b21-38af3751b627.png,4
/home/an/spbu_deep_learning/classification/splitted/test/17d67bb5-6131-4ac7-a230-d3fcd44e7649.png,10
/home/an/spbu_deep_learning/classification/splitted/test/a77018cd-087c-4bb9-8ca8-1184f8a8fe7a.png,8
/home/an/spbu_deep_learning/classification/splitted/test/f13d0255-8072-4068-a2f9-97eb594e1693.jpg,13
/home/an/spbu_deep_learning/classification/splitted/test/7ac452f3-6e38-4173-a9b3-5e2e8069b809.png,13
/home/an/spbu_deep_learning/classification/splitted/test/4b790d76-6cbc-49cf-90ce-422dfb7e5787.jpg,17
/home/an/spbu_deep_learning/classification/splitted/test/ce5a8dbd-aadb-449f-b145-0cbb21c5873c.jpg,0
/home/an/spbu_deep_learning/classification/splitted/test/2f2038f5-a65e-4cd3-b075-d43bef87f166.png,5
/home/an/spbu_deep_learning/classification/splitted/test/2bf6e733-4566-4c1e-bcf9-5148746d5625.png,3
/home/an/spbu_deep_learning/classification/splitted/test/36ade900-fb0e-467c-b9e4-ae008a846921.png,5
/home/an/spbu_deep_learning/classification/splitted/test/bae476d5-3f5c-4fe5-ad61-87f2a8899f4f.jpg,6
/home/an/spbu_deep_learning/classification/splitted/test/f36c8854-f1cf-4096-8ad1-d92270d66c79.png,11
/home/an/spbu_deep_learning/classification/splitted/test/0ccf62ee-22b6-4138-bd2f-f4740bd3a524.jpg,13
/home/an/spbu_deep_learning/classification/splitted/test/3c7123eb-42e8-4f15-91ad-4c436e1df727.jpg,13
/home/an/spbu_deep_learning/classification/splitted/test/37485bd8-a657-4140-9149-424f7286c5ce.png,15
/home/an/spbu_deep_learning/classification/splitted/test/49c57c98-3f69-45fe-827b-32e035c2e61b.jpg,0
/home/an/spbu_deep_learning/classification/splitted/test/c9a32895-621c-47b4-846d-967eac418ad6.png,7
/home/an/spbu_deep_learning/classification/splitted/test/f00b9ecc-7d01-4914-b5d5-7897068be021.png,16
/home/an/spbu_deep_learning/classification/splitted/test/c0f9aa20-adf1-41f5-b975-274a9673f920.png,15
/home/an/spbu_deep_learning/classification/splitted/test/4e85d41e-3d3d-4968-9821-cc64a931c048.png,11
/home/an/spbu_deep_learning/classification/splitted/test/9638e650-cff0-43af-b117-1f024d44c918.png,5
/home/an/spbu_deep_learning/classification/splitted/test/cdbb8dbb-c9cd-4f1f-a78f-6e98dc70bc40.png,10
/home/an/spbu_deep_learning/classification/splitted/test/c805d41c-c78b-4c72-8517-1ad4c018157c.png,12
/home/an/spbu_deep_learning/classification/splitted/test/d45901cb-0c59-4de8-af5c-6cd546ae94c1.png,16
/home/an/spbu_deep_learning/classification/splitted/test/79b75cf8-7772-48b2-a262-db25e11654a3.png,7
/home/an/spbu_deep_learning/classification/splitted/test/40c99539-c947-4dfd-b05a-bcaaf82245aa.png,7
/home/an/spbu_deep_learning/classification/splitted/test/f22822d4-9b5f-45a0-ac85-070433c14ce4.png,2
/home/an/spbu_deep_learning/classification/splitted/test/1e9c0575-9561-4dda-85c0-489f2cddb4f3.jpg,6
/home/an/spbu_deep_learning/classification/splitted/test/405f08ee-ffbd-478f-9760-ed73ef2374ec.jpg,14
/home/an/spbu_deep_learning/classification/splitted/test/aec0d186-f934-4541-b3ba-d35cb0dfd2c2.png,12
/home/an/spbu_deep_learning/classification/splitted/test/84992999-2023-4445-ab84-92938b168459.png,3
/home/an/spbu_deep_learning/classification/splitted/test/fcabb97a-10f9-47d4-9280-84a3e7c8aea1.png,0
/home/an/spbu_deep_learning/classification/splitted/test/ba80c6ca-9b68-46fb-8184-e7bf643d0ac6.png,8
/home/an/spbu_deep_learning/classification/splitted/test/60f0153d-f555-463a-987a-67ce5ab183f0.png,6
/home/an/spbu_deep_learning/classification/splitted/test/a0737446-6afd-4278-94d4-56a591b8706e.png,3
/home/an/spbu_deep_learning/classification/splitted/test/f48872e6-9de0-4f5e-9f4a-cde86c2d4f61.jpg,6
/home/an/spbu_deep_learning/classification/splitted/test/f36e3b28-6e8d-486e-8d50-016ea82ff237.png,3
/home/an/spbu_deep_learning/classification/splitted/test/796e755d-ac57-4dd0-9250-6e3621a3dd46.png,1
/home/an/spbu_deep_learning/classification/splitted/test/ac0024cc-28e5-400f-8871-5e331d51565e.png,2
/home/an/spbu_deep_learning/classification/splitted/test/712c3ce9-750a-4cc4-8f94-f8033c31cb2c.jpg,0
/home/an/spbu_deep_learning/classification/splitted/test/f6f0f954-2d97-4220-b383-6d44a07ce48e.jpg,16
/home/an/spbu_deep_learning/classification/splitted/test/351adfd4-96d7-4ece-a3ac-9ebcaef03c5d.jpg,17
/home/an/spbu_deep_learning/classification/splitted/test/0d9a6f03-b9e3-4558-bad7-a46a92e5837b.png,6
/home/an/spbu_deep_learning/classification/splitted/test/e78b9390-8c84-4774-8f09-375d305b18c7.png,7
/home/an/spbu_deep_learning/classification/splitted/test/4da77d07-2fb0-4538-9a9e-178a69d9f6d8.jpg,0
/home/an/spbu_deep_learning/classification/splitted/test/48718bf3-a65f-4d59-94c0-016c976a4b89.png,16
/home/an/spbu_deep_learning/classification/splitted/test/650fdfe1-9780-467d-b069-b78db3814e90.jpg,14
/home/an/spbu_deep_learning/classification/splitted/test/abf049de-de12-4b24-bddd-08f12dc4d469.png,15
/home/an/spbu_deep_learning/classification/splitted/test/23411c68-47c5-43b9-9a59-f2688e22d399.png,1
/home/an/spbu_deep_learning/classification/splitted/test/c563a397-4383-492b-99ac-0b8b2ed63387.png,16
/home/an/spbu_deep_learning/classification/splitted/test/961dc135-3181-4ced-8b48-562df7211cd6.png,2
/home/an/spbu_deep_learning/classification/splitted/test/aabcef09-7910-40ef-bdbb-a78dcfa203c8.png,12
/home/an/spbu_deep_learning/classification/splitted/test/fcd0a731-2db9-4405-a891-97017f5024ff.png,5
/home/an/spbu_deep_learning/classification/splitted/test/c190c65e-1c3f-4ff5-93d3-a3e369b4aeb1.png,15
/home/an/spbu_deep_learning/classification/splitted/test/9ba8da7d-9f75-4bd9-8f28-d609924442ed.png,1
/home/an/spbu_deep_learning/classification/splitted/test/607087c0-3bda-4d93-a293-92ab7b64d464.png,15
/home/an/spbu_deep_learning/classification/splitted/test/b76d1e3a-3536-4bf9-a315-51575679b810.png,16
/home/an/spbu_deep_learning/classification/splitted/test/8be3b592-f8b9-4ec3-b4be-436a99820440.jpeg,0
/home/an/spbu_deep_learning/classification/splitted/test/5a8cfcd2-6019-4199-836a-9ec5a492abbf.png,10
/home/an/spbu_deep_learning/classification/splitted/test/2203a3f2-48f9-4271-8528-9198b6a2744d.png,0
/home/an/spbu_deep_learning/classification/splitted/test/054aef5a-fbc9-4fdd-b3d4-d9806333ce40.png,1
/home/an/spbu_deep_learning/classification/splitted/test/057cebcb-61b4-4584-be0b-0c312db6fd3b.png,5
/home/an/spbu_deep_learning/classification/splitted/test/3dca22e8-271d-47ef-8a24-5fcba53b2332.png,10
/home/an/spbu_deep_learning/classification/splitted/test/3e602c97-41e0-4ce2-86d4-40656a4c08ff.png,14
/home/an/spbu_deep_learning/classification/splitted/test/4afd854b-1cde-417e-aaf0-2b64990ae4e2.png,5
/home/an/spbu_deep_learning/classification/splitted/test/9ff61701-77db-4744-a0e4-93526fd6d4ef.png,11
/home/an/spbu_deep_learning/classification/splitted/test/ae6f0e51-c1fe-4329-82f0-87b392384123.png,1
/home/an/spbu_deep_learning/classification/splitted/test/38ca4033-14cc-433c-959e-eb17095cacb0.jpg,6
/home/an/spbu_deep_learning/classification/splitted/test/1656ca31-c158-48b2-acc1-6b657ee62d74.jpg,16
/home/an/spbu_deep_learning/classification/splitted/test/d6496ae3-efe2-44f5-8c89-e1e08fac0633.png,6
/home/an/spbu_deep_learning/classification/splitted/test/923e92ad-55f9-44e6-bdc6-e4b9a44ccd91.png,5
/home/an/spbu_deep_learning/classification/splitted/test/8fae51e9-13c2-4557-a89a-1c9d4cf47c7d.png,16
/home/an/spbu_deep_learning/classification/splitted/test/dc387837-a0f4-46b8-9305-c30e28c6129a.png,11
/home/an/spbu_deep_learning/classification/splitted/test/23f2fbb8-57a4-4828-8912-a4cf935261d9.png,8
/home/an/spbu_deep_learning/classification/splitted/test/56f50d8f-917b-4d40-a37d-95c90eb44d5b.png,10
/home/an/spbu_deep_learning/classification/splitted/test/002999fb-803d-45b2-b647-6203e446e475.png,2
/home/an/spbu_deep_learning/classification/splitted/test/1f196572-c25c-4f9c-b095-0f14d4975795.png,11
/home/an/spbu_deep_learning/classification/splitted/test/65dc9246-6914-48f8-b93a-c2d6fbd27915.png,15
/home/an/spbu_deep_learning/classification/splitted/test/ccb89b31-cdd3-46a8-8e3b-2a0ac8f98fd4.png,16
/home/an/spbu_deep_learning/classification/splitted/test/6f35ec41-fbcc-4449-9536-de8e9d04fd58.png,5
/home/an/spbu_deep_learning/classification/splitted/test/da1dbef3-a4de-4276-b758-f54b5e528658.png,13
/home/an/spbu_deep_learning/classification/splitted/test/d8142b52-9077-4883-bad8-b3098f0cda1d.png,13
/home/an/spbu_deep_learning/classification/splitted/test/c61d43fe-10aa-4cb8-a24f-245d6bd29473.png,10
/home/an/spbu_deep_learning/classification/splitted/test/10ea541b-dc2d-4550-9399-d3241933f2a9.png,5
/home/an/spbu_deep_learning/classification/splitted/test/da63bc20-fd4b-4731-9462-39425513b38c.png,3
/home/an/spbu_deep_learning/classification/splitted/test/83094e81-7e8b-40a1-a4a0-aa0333dfffeb.png,12
/home/an/spbu_deep_learning/classification/splitted/test/ec7ca8ec-20bc-4588-af30-0772bcb57604.png,1
/home/an/spbu_deep_learning/classification/splitted/test/ff29f8d5-6e47-4136-b43d-2f88d38dd509.png,1
/home/an/spbu_deep_learning/classification/splitted/test/e57375e3-26c2-4c4d-95d0-c40be04ce194.png,5
/home/an/spbu_deep_learning/classification/splitted/test/a86134a8-cb8d-4a43-9196-0b2270503ca8.png,10
/home/an/spbu_deep_learning/classification/splitted/test/61351de3-be14-4836-8670-711fbbd79392.png,15
/home/an/spbu_deep_learning/classification/splitted/test/7eec288b-5f51-47c3-a874-a43ddb143e74.png,11
/home/an/spbu_deep_learning/classification/splitted/test/423d0bb3-172d-44ab-a19b-712430c9de73.png,16
/home/an/spbu_deep_learning/classification/splitted/test/f063794c-417d-443c-a84c-6ad610f6f575.png,13
/home/an/spbu_deep_learning/classification/splitted/test/7b8f08eb-f1e0-4a74-bf90-8175c458f1bd.jpg,14
/home/an/spbu_deep_learning/classification/splitted/test/b6ca4c4c-40ba-4da1-ae0c-50fa5d8a81b0.png,16
/home/an/spbu_deep_learning/classification/splitted/test/6b58e17c-dc2f-4268-a7b1-634ac95bce88.jpg,13
/home/an/spbu_deep_learning/classification/splitted/test/1d55c749-1089-44a9-a50c-f8d0e21acdf2.jpg,0
/home/an/spbu_deep_learning/classification/splitted/test/8f16df6a-25f4-4787-9b41-678c5059d05d.jpg,13
/home/an/spbu_deep_learning/classification/splitted/test/20afea8d-29e2-44dd-9f47-ef5a94380def.png,10
/home/an/spbu_deep_learning/classification/splitted/test/59c720e5-fc2f-419c-b1cb-a39667b01aaa.png,2
/home/an/spbu_deep_learning/classification/splitted/test/3833b41b-3219-44e4-a917-5817b1ba4bf6.png,5
/home/an/spbu_deep_learning/classification/splitted/test/bf57658a-51c8-4a46-ad01-c98ab505b58b.jpg,5
/home/an/spbu_deep_learning/classification/splitted/test/70117a9e-b6a8-445b-9f38-914d24b99b44.jpg,14
/home/an/spbu_deep_learning/classification/splitted/test/59adf5c7-6af6-4e00-9a4c-5b69bdf2205c.png,12
/home/an/spbu_deep_learning/classification/splitted/test/3f55b1db-d2dc-4b4f-ae6f-fd6bb64a0328.png,16
/home/an/spbu_deep_learning/classification/splitted/test/b45580ff-281f-471f-acc6-09611c024753.jpg,9
/home/an/spbu_deep_learning/classification/splitted/test/5aa1f44e-486e-4e1d-a946-b4969ab2c209.jpg,6
/home/an/spbu_deep_learning/classification/splitted/test/df8b5fff-02ce-414a-af2c-9b81729d1b3c.png,16
/home/an/spbu_deep_learning/classification/splitted/test/8ab58e95-3f1e-489e-8d9b-457ba52fcdd5.png,5
/home/an/spbu_deep_learning/classification/splitted/test/259bff61-94ff-4114-98e1-42fbd97cddb4.png,3
/home/an/spbu_deep_learning/classification/splitted/test/6ff1b4f8-8538-458b-b055-b404bc8c0313.png,5
/home/an/spbu_deep_learning/classification/splitted/test/ebd01194-90b5-4c77-9ced-2434faadaa66.jpg,13
/home/an/spbu_deep_learning/classification/splitted/test/35b9167c-5623-4776-a800-72850652472b.png,13
/home/an/spbu_deep_learning/classification/splitted/test/9fb4787e-ab1b-4594-9b60-48b79e68f98e.png,10
/home/an/spbu_deep_learning/classification/splitted/test/2aabc05e-c5e0-4dd6-acd2-58e72ef59211.jpg,17
/home/an/spbu_deep_learning/classification/splitted/test/fedb066e-a7ca-4c22-8bb1-77e7f130b441.png,2
/home/an/spbu_deep_learning/classification/splitted/test/09d167e7-61b4-4875-a550-845cba328bff.jpg,9
/home/an/spbu_deep_learning/classification/splitted/test/95f49240-d9fe-4795-88a9-438a6bb7741c.png,5
/home/an/spbu_deep_learning/classification/splitted/test/ec4f58d8-b464-46d5-b0d7-fbe9e083ff28.jpg,14
/home/an/spbu_deep_learning/classification/splitted/test/829876db-7d6c-4b86-be71-d1b068719def.jpg,6
/home/an/spbu_deep_learning/classification/splitted/test/11eecd32-233b-4f40-bd65-496a81456779.jpg,6
/home/an/spbu_deep_learning/classification/splitted/test/29f23593-536b-48e4-b13b-cec23f7714c9.png,1
/home/an/spbu_deep_learning/classification/splitted/test/42c79042-2ec2-41aa-9130-e93cf41b36ee.png,12
/home/an/spbu_deep_learning/classification/splitted/test/a232f9c7-695c-43c5-bbad-8b940ed37478.png,15
/home/an/spbu_deep_learning/classification/splitted/test/30b48ce1-90e7-4b27-bfdf-511b99fe49cf.png,7
/home/an/spbu_deep_learning/classification/splitted/test/cc5f5ff5-6448-421a-a456-4dc7563703d2.jpg,13
/home/an/spbu_deep_learning/classification/splitted/test/ae3a663c-682a-4fec-8c5f-403c69912efd.png,17
/home/an/spbu_deep_learning/classification/splitted/test/f8413f22-5621-43a3-a2fe-e2d42464869d.png,15
/home/an/spbu_deep_learning/classification/splitted/test/6fda5e7f-132f-41bc-b985-c734b9073c66.png,4
/home/an/spbu_deep_learning/classification/splitted/test/c33a8c20-cb2f-4f2c-a833-eff4956ec713.png,5
/home/an/spbu_deep_learning/classification/splitted/test/2dd227c8-7b69-4f6a-9ebf-83760343cb7f.jpg,17
/home/an/spbu_deep_learning/classification/splitted/test/365ccd27-1b01-4300-af46-d190f93dd542.png,12
/home/an/spbu_deep_learning/classification/splitted/test/5186734e-b013-4b51-99f7-e1a211817c63.png,2
/home/an/spbu_deep_learning/classification/splitted/test/2f8274dc-0113-49f7-b29d-5f8b41bdda5f.png,12
/home/an/spbu_deep_learning/classification/splitted/test/3410b82a-ed7c-4a12-b897-d83fc846bc0a.png,8
/home/an/spbu_deep_learning/classification/splitted/test/296b5bea-f87f-4b9f-91f5-77e8f0bd0490.jpg,16
/home/an/spbu_deep_learning/classification/splitted/test/d5e485da-024c-4907-8bcf-54e59e5fbe80.png,6
/home/an/spbu_deep_learning/classification/splitted/test/dc6a107b-70f4-4100-9f57-893bc575ee89.png,11
/home/an/spbu_deep_learning/classification/splitted/test/18aded45-57aa-4db9-93f3-a9a56f6d71be.jpg,17
/home/an/spbu_deep_learning/classification/splitted/test/66f04b3f-b39e-4b5c-b83c-bb944b62d38a.png,10
/home/an/spbu_deep_learning/classification/splitted/test/aae55a43-445a-4a4e-97cb-9e977a2cc36b.jpg,9
/home/an/spbu_deep_learning/classification/splitted/test/688e0268-84e5-43d7-9f4e-9d53ef054deb.jpg,2
/home/an/spbu_deep_learning/classification/splitted/test/847398ef-e72f-4396-b8a5-9a0c338c8e9c.png,8
/home/an/spbu_deep_learning/classification/splitted/test/6c07948a-6320-466e-a1cb-0069a9e816d5.png,7
/home/an/spbu_deep_learning/classification/splitted/test/92fd6368-bfca-4db3-9e80-ce9f6a319a1d.png,1
/home/an/spbu_deep_learning/classification/splitted/test/66c5b7b7-fc85-4b33-ad16-3cc11838b238.png,10
/home/an/spbu_deep_learning/classification/splitted/test/a2346772-0ad8-4a88-aa72-90cc2e665f9b.jpg,13
/home/an/spbu_deep_learning/classification/splitted/test/9ea172c1-5dbc-4d3e-875c-57c51343c5a4.png,13
/home/an/spbu_deep_learning/classification/splitted/test/c8ed1265-b53b-481b-bc86-12034d075a56.jpg,14
/home/an/spbu_deep_learning/classification/splitted/test/fd5ce1ed-6e77-40db-acc1-3f1be689eb04.png,6
/home/an/spbu_deep_learning/classification/splitted/test/2c14ec77-44ca-4b3c-b470-96286411c617.png,14
/home/an/spbu_deep_learning/classification/splitted/test/719a6491-994c-4270-8e86-c35775ce0eed.png,1
/home/an/spbu_deep_learning/classification/splitted/test/84cdf5a7-83e9-4127-8431-53e172f3e163.png,15
/home/an/spbu_deep_learning/classification/splitted/test/62f726d1-d3ff-4948-9fb9-ee7b7d1ab5f4.png,7
/home/an/spbu_deep_learning/classification/splitted/test/acef37ce-19ac-408f-9129-253ff2f157ca.png,12
/home/an/spbu_deep_learning/classification/splitted/test/dd6aaefa-69cd-4160-a2f6-fd10f1d94aa4.png,15
/home/an/spbu_deep_learning/classification/splitted/test/632e6897-9d17-4420-853e-a456c7c73ca0.png,2
/home/an/spbu_deep_learning/classification/splitted/test/79139a1b-06fc-4fe1-97fa-ec8a01ba0aed.png,13
/home/an/spbu_deep_learning/classification/splitted/test/dedb3ade-f52e-4c74-ae9d-f984d98e828e.png,8
/home/an/spbu_deep_learning/classification/splitted/test/8581faa5-99ff-48ab-ba1c-5e00d97fb328.png,16
/home/an/spbu_deep_learning/classification/splitted/test/af04fc0a-709d-4771-9bda-b960aaf00513.png,7
/home/an/spbu_deep_learning/classification/splitted/test/148635cd-849d-45e0-9dcc-d1e626822ba3.png,8
/home/an/spbu_deep_learning/classification/splitted/test/01f5ceb8-4180-4e39-8a8c-7c46cb75ab33.png,16
/home/an/spbu_deep_learning/classification/splitted/test/bcf52401-afb6-4705-bbbe-ab86c6a10c44.png,8
/home/an/spbu_deep_learning/classification/splitted/test/65b7aa0a-8684-45bf-8b6e-48e33cff964f.png,7
/home/an/spbu_deep_learning/classification/splitted/test/ad4546be-f15a-4ed8-86bc-c478d34cd004.png,0
/home/an/spbu_deep_learning/classification/splitted/test/7e61d766-43f7-4a82-8810-09743ae87a37.jpg,14
/home/an/spbu_deep_learning/classification/splitted/test/50ac77f7-3ec4-427a-8e4d-13b9db4bff0f.png,4
/home/an/spbu_deep_learning/classification/splitted/test/ad1791ec-061d-4a19-8107-1d8a7afe074f.png,11
/home/an/spbu_deep_learning/classification/splitted/test/5fbe79d2-82d4-49da-afce-64a72b03a338.png,0
/home/an/spbu_deep_learning/classification/splitted/test/1788abb4-88a4-4a2e-81e1-5be33fc16530.png,3
/home/an/spbu_deep_learning/classification/splitted/test/20f1ef28-4933-4662-a661-e2b2fb1b29c5.png,15
/home/an/spbu_deep_learning/classification/splitted/test/95217214-8098-46b5-b975-dee2ae2fcc63.jpg,17
/home/an/spbu_deep_learning/classification/splitted/test/b3a06586-bc09-4d54-ad4c-8af2a60b5c7a.jpg,8
/home/an/spbu_deep_learning/classification/splitted/test/c5ca12ba-1d8f-4cf7-a857-701a8441481f.png,3
/home/an/spbu_deep_learning/classification/splitted/test/6c26f19d-7cc2-443f-ad22-b1a2205b80bf.png,11
/home/an/spbu_deep_learning/classification/splitted/test/14a1db32-6611-49d3-b900-4731b3a0ff25.png,7
/home/an/spbu_deep_learning/classification/splitted/test/29830d60-9e87-46da-8985-4b38e6ad3d3b.jpg,14
/home/an/spbu_deep_learning/classification/splitted/test/2d974513-0efa-408e-a8f8-7d684843be34.png,0
/home/an/spbu_deep_learning/classification/splitted/test/c558969a-4f68-4a50-a256-5de5bd6537fb.png,5
/home/an/spbu_deep_learning/classification/splitted/test/eb1b4823-276c-4d54-96bb-2671a9f73643.png,10
/home/an/spbu_deep_learning/classification/splitted/test/d679cb9c-3b85-466a-8958-b31318ac79bb.png,1
/home/an/spbu_deep_learning/classification/splitted/test/55aa47f1-f6c6-4f89-9336-62c7ce9c508c.png,13
/home/an/spbu_deep_learning/classification/splitted/test/9c237d97-14a2-4dde-98de-72516b03585b.png,11
/home/an/spbu_deep_learning/classification/splitted/test/d2b0d987-082f-4bc3-9a26-4216747d2292.png,12
/home/an/spbu_deep_learning/classification/splitted/test/caedd297-27fe-405f-9855-0d55aa68f4b3.png,13
/home/an/spbu_deep_learning/classification/splitted/test/266d4d11-93db-4fc8-a03d-6a4e219f9422.png,15
/home/an/spbu_deep_learning/classification/splitted/test/9f024b15-44eb-4448-b05d-787255e3e5cc.png,0
/home/an/spbu_deep_learning/classification/splitted/test/46d224cb-0ce7-4417-91e4-9ccd12625995.png,7
/home/an/spbu_deep_learning/classification/splitted/test/fc0f77bd-5e54-41cc-8a35-d919795c7015.png,2
/home/an/spbu_deep_learning/classification/splitted/test/23d8a69d-c207-47d6-b77c-aa3e515eb258.png,15
/home/an/spbu_deep_learning/classification/splitted/test/73ff5f81-3aa1-4726-82ba-d6197caeabd0.png,7
/home/an/spbu_deep_learning/classification/splitted/test/256e3a14-0ceb-44dc-b1a8-18f8aaefca35.png,12
/home/an/spbu_deep_learning/classification/splitted/test/d41cd6bf-0599-4496-bbb2-12d57463d854.png,16
/home/an/spbu_deep_learning/classification/splitted/test/301e19f1-2358-4e68-848c-ed13a1bf4e4a.png,8
/home/an/spbu_deep_learning/classification/splitted/test/2dcf1df8-e6ef-4460-801d-8e81b042afd3.png,8
/home/an/spbu_deep_learning/classification/splitted/test/570dc537-c254-4dcd-8de7-94ee8181acff.png,13
/home/an/spbu_deep_learning/classification/splitted/test/778a7cd4-d78b-4c76-9e55-268628ca83ca.png,7
/home/an/spbu_deep_learning/classification/splitted/test/d0492496-d9b7-4922-a29a-04bb5c46c2bf.png,0
/home/an/spbu_deep_learning/classification/splitted/test/27eb987a-3c33-41a2-8057-cbbfb92cec6c.png,4
/home/an/spbu_deep_learning/classification/splitted/test/be0e0738-b8f8-4d08-830c-dcd040f43de0.jpg,6
/home/an/spbu_deep_learning/classification/splitted/test/0b314263-027e-4807-b440-48fd31ea3ecb.jpg,5
/home/an/spbu_deep_learning/classification/splitted/test/a896665e-1e2d-4594-a256-c715cea0883a.png,10
/home/an/spbu_deep_learning/classification/splitted/test/f26a35cc-c8f9-4a9e-9eba-256a5eb24151.png,11
/home/an/spbu_deep_learning/classification/splitted/test/3f2195ac-35c4-4020-a6f8-2b1b58ce0e1c.png,1
/home/an/spbu_deep_learning/classification/splitted/test/6dd2982f-ccd8-4454-845e-7b4107a31257.png,13
/home/an/spbu_deep_learning/classification/splitted/test/ea7f009d-d2b5-45d8-ac9a-3c1ec20e0d72.png,1
/home/an/spbu_deep_learning/classification/splitted/test/7482f5e9-bbc9-48f7-9f60-fe66915747f0.png,4
/home/an/spbu_deep_learning/classification/splitted/test/bcc7591e-4629-4ee2-a9fe-05166e59767c.png,14
/home/an/spbu_deep_learning/classification/splitted/test/3376f0ed-7682-4032-9e93-d773872a2a6c.png,15
/home/an/spbu_deep_learning/classification/splitted/test/96199619-b068-4397-bf25-af8a76f4e6d5.png,1
/home/an/spbu_deep_learning/classification/splitted/test/fad21e6b-9cfe-47d4-97f0-3db67bf8b215.jpg,14
/home/an/spbu_deep_learning/classification/splitted/test/8ec228b7-6e3f-4c2b-b9cb-fe5b82a10fb2.png,5
/home/an/spbu_deep_learning/classification/splitted/test/c6d5aad2-261a-4535-8cb1-44f00c557976.jpg,17
/home/an/spbu_deep_learning/classification/splitted/test/b030a8bf-a7b7-48d3-a46f-c73bb68b4625.jpg,14
/home/an/spbu_deep_learning/classification/splitted/test/34779936-6623-48b2-804b-d167336a7acd.jpg,0
/home/an/spbu_deep_learning/classification/splitted/test/ec15495b-be1f-4f9d-8cd1-dd74e529882c.png,4
/home/an/spbu_deep_learning/classification/splitted/test/78bc50af-3a35-43e9-9a38-d892a13d5795.png,0
/home/an/spbu_deep_learning/classification/splitted/test/9576b80d-7c78-4310-ac12-68ca4866e0fe.jpg,6
/home/an/spbu_deep_learning/classification/splitted/test/14b301bf-021f-4018-b8a3-324fd15e52e5.png,3
/home/an/spbu_deep_learning/classification/splitted/test/8a4f86be-3902-4578-b27d-5388f032eb9b.png,3
/home/an/spbu_deep_learning/classification/splitted/test/6e66176c-f8b9-43b7-8a0a-f60c10359716.png,5
/home/an/spbu_deep_learning/classification/splitted/test/edbe4e2c-e59d-4a4f-9ec8-b96721c6ac92.png,15
/home/an/spbu_deep_learning/classification/splitted/test/804b91df-c3b6-441f-a3dc-7bd6f3bafb9d.png,11
/home/an/spbu_deep_learning/classification/splitted/test/b3ab382d-1244-476e-82a6-434fb9fed1ba.jpeg,6
/home/an/spbu_deep_learning/classification/splitted/test/70a80ea9-ca21-4f37-bd13-35fab8ebfc56.jpg,17
/home/an/spbu_deep_learning/classification/splitted/test/45653526-39ca-484f-9ea6-a8ee4ad34ce1.png,2
/home/an/spbu_deep_learning/classification/splitted/test/6727c766-6a14-4e7d-a9d2-b28779e4b9a5.png,7
/home/an/spbu_deep_learning/classification/splitted/test/c895a742-f98e-437e-befe-d2112454fb6f.png,7
/home/an/spbu_deep_learning/classification/splitted/test/610c8f84-8c8d-4976-9745-c21d5109377d.jpg,11
/home/an/spbu_deep_learning/classification/splitted/test/7ccf0e84-c6ef-41a5-a942-35517dbe35f6.png,12
/home/an/spbu_deep_learning/classification/splitted/test/af078625-76a8-4b19-9f39-e74fecd93fca.png,8
/home/an/spbu_deep_learning/classification/splitted/test/85b9d7d6-714d-4b23-a065-75c749682bcc.png,16
/home/an/spbu_deep_learning/classification/splitted/test/aadb68f7-f094-411d-821f-6f11deb29d4d.png,13
/home/an/spbu_deep_learning/classification/splitted/test/e1cd185e-cfc2-4c47-a144-de6b6865af61.png,0
/home/an/spbu_deep_learning/classification/splitted/test/e70e644d-5ea1-4bb5-a62b-fea4076b31bd.png,11
/home/an/spbu_deep_learning/classification/splitted/test/ff397ca3-2985-4dc1-acd9-165bcb2ee1b2.png,0
/home/an/spbu_deep_learning/classification/splitted/test/15d8feeb-1c04-44eb-bc3a-05c992284d83.png,10
/home/an/spbu_deep_learning/classification/splitted/test/b54a3eb5-0bea-44b8-a5d0-c80f963dd87e.png,6
/home/an/spbu_deep_learning/classification/splitted/test/4b7b0d38-1e87-4d7c-8e43-397198b24339.jpg,17
/home/an/spbu_deep_learning/classification/splitted/test/bb6fc823-9ea5-42e9-9244-bd6d80c9b2d4.png,12
/home/an/spbu_deep_learning/classification/splitted/test/c1e33526-2645-444a-9694-1cb671393a8a.jpg,0
/home/an/spbu_deep_learning/classification/splitted/test/5e483254-8abe-46bb-9bc6-b5103f50396d.png,5
/home/an/spbu_deep_learning/classification/splitted/test/de21f010-8866-4eba-9e4f-ecca01546c2f.png,8
/home/an/spbu_deep_learning/classification/splitted/test/01466536-a300-4853-9858-fcd909464b5f.png,0
/home/an/spbu_deep_learning/classification/splitted/test/038cad46-157c-448f-a031-de25a3529640.png,4
/home/an/spbu_deep_learning/classification/splitted/test/6106910d-5295-474a-b12b-1321f0dc7684.png,13
/home/an/spbu_deep_learning/classification/splitted/test/1b9f4bf1-3469-4370-9e89-bd98e43c7030.png,11
/home/an/spbu_deep_learning/classification/splitted/test/9b46eb0b-dcf5-48ef-be63-9f79d33308f0.png,6
/home/an/spbu_deep_learning/classification/splitted/test/81ea7f9b-d44e-416d-a1a2-9cb299f948c0.jpg,9
/home/an/spbu_deep_learning/classification/splitted/test/f0189999-4998-46a6-9481-42ea6dfae10c.png,12
/home/an/spbu_deep_learning/classification/splitted/test/df71439b-24e0-47ed-9ea8-fac06080aeb0.jpg,6
/home/an/spbu_deep_learning/classification/splitted/test/e0fd1836-c3a6-43c4-967a-3dcdcc040006.png,12
/home/an/spbu_deep_learning/classification/splitted/test/887a7485-84bd-4ab3-8fe9-c502efabcc15.png,8
/home/an/spbu_deep_learning/classification/splitted/test/ddced346-e48b-4e1c-9d80-5edd7c220b8d.jpg,14
/home/an/spbu_deep_learning/classification/splitted/test/328659bf-d291-478f-a6eb-50c151d109d1.png,5
/home/an/spbu_deep_learning/classification/splitted/test/c8e9824e-2fd8-4289-ab9f-d42ae2969f35.png,2
/home/an/spbu_deep_learning/classification/splitted/test/3dd4af62-fb25-4801-b335-7b3a0e8499aa.jpg,6
/home/an/spbu_deep_learning/classification/splitted/test/1933010d-20f4-4b91-b44e-031a242bea34.png,2
/home/an/spbu_deep_learning/classification/splitted/test/52fbb59c-899b-4177-83f7-96bb49ce9afa.png,12
/home/an/spbu_deep_learning/classification/splitted/test/fd8b8fb3-d085-4c29-8870-ee7fce56f785.png,6
/home/an/spbu_deep_learning/classification/splitted/test/1f605ef6-b0ad-4ba8-a5c9-079b7795772f.png,1
/home/an/spbu_deep_learning/classification/splitted/test/e52cbde0-01bc-4aa1-be4d-4dc82851c569.png,13
/home/an/spbu_deep_learning/classification/splitted/test/7b482b15-3d88-48b1-9c81-f5168e7d930b.png,4
/home/an/spbu_deep_learning/classification/splitted/test/76d1c12c-940b-411d-801e-368b95ffcf15.png,2
/home/an/spbu_deep_learning/classification/splitted/test/a1eaf776-26cc-4cbb-a797-6eb5ae170f02.jpg,0
/home/an/spbu_deep_learning/classification/splitted/test/c353439a-403e-4006-a579-09761d3ef684.jpg,17
/home/an/spbu_deep_learning/classification/splitted/test/c76dff28-137e-439e-b8d4-8ded5cf1f176.jpg,17
/home/an/spbu_deep_learning/classification/splitted/test/6aaffac7-f4cf-4ab6-b7fa-88b2e96a9bab.png,6
/home/an/spbu_deep_learning/classification/splitted/test/48cea5ab-9a40-4482-bc67-0a382de398fa.jpg,13
/home/an/spbu_deep_learning/classification/splitted/test/995079da-8773-4228-b363-6a168574cf99.png,3
/home/an/spbu_deep_learning/classification/splitted/test/298ea33c-e3ad-4882-b0a9-b2e7c7fdec95.png,12
/home/an/spbu_deep_learning/classification/splitted/test/02f07d93-3d50-432c-aa60-fa2c8079e0f1.png,11
/home/an/spbu_deep_learning/classification/splitted/test/adc81268-ad45-4b90-93c7-9cb66bc1f2d0.jpg,17
/home/an/spbu_deep_learning/classification/splitted/test/bacf49b5-1724-46f1-a3da-ac330ef43d8f.png,11
/home/an/spbu_deep_learning/classification/splitted/test/87b83855-a6cd-4f56-a5ea-f368f83ecd5a.png,5
/home/an/spbu_deep_learning/classification/splitted/test/6bf54f60-5dd9-4d47-a5b9-5118d4324fd6.png,16
/home/an/spbu_deep_learning/classification/splitted/test/87ecf3dd-acf7-4883-9784-3df159dd4c26.jpg,17
/home/an/spbu_deep_learning/classification/splitted/test/2eea7354-a1c4-491d-a1d4-bfbd714c756d.png,8
/home/an/spbu_deep_learning/classification/splitted/test/c41628b1-4781-4392-ac8d-6bfe981f73f9.png,10
/home/an/spbu_deep_learning/classification/splitted/test/fe80fd31-7221-46b8-9667-8f4292a899c3.png,1
/home/an/spbu_deep_learning/classification/splitted/test/bce2f527-307b-437d-8e87-6f9ec872581c.jpg,14
/home/an/spbu_deep_learning/classification/splitted/test/9b44fc28-a1f1-444f-94cc-f97af322a73a.png,16
/home/an/spbu_deep_learning/classification/splitted/test/b00c1c3a-6653-4ab2-a42e-516c49502b81.png,16
/home/an/spbu_deep_learning/classification/splitted/test/c31c14a3-bb7f-46f2-b5ba-95c48155287e.png,16
/home/an/spbu_deep_learning/classification/splitted/test/7166c789-6172-491f-bc04-9862c14a9e70.jpg,6
/home/an/spbu_deep_learning/classification/splitted/test/31e67eaf-5f1a-4b36-b70a-59a5183c7fe0.jpg,9
/home/an/spbu_deep_learning/classification/splitted/test/05e66529-4bcd-4d23-a84c-45ef004a144b.jpg,13
/home/an/spbu_deep_learning/classification/splitted/test/39cbcbfe-ce69-4476-96d7-26f254b18239.png,0
/home/an/spbu_deep_learning/classification/splitted/test/95379676-97e6-4a0f-846a-cfb34a0892d5.png,7
/home/an/spbu_deep_learning/classification/splitted/test/a08ec064-5ae0-4358-8f38-6514e1db6a78.png,15
/home/an/spbu_deep_learning/classification/splitted/test/60106c11-ca45-456b-b50d-29ff79967de4.jpg,10
/home/an/spbu_deep_learning/classification/splitted/test/71540430-ff36-41d2-9814-1112c9882ca7.png,8
/home/an/spbu_deep_learning/classification/splitted/test/10494ef3-dd4a-4c06-b7c2-9655fda62d79.jpg,11
/home/an/spbu_deep_learning/classification/splitted/test/6cc437c2-e89a-416f-b3ee-2ae7f330652d.png,5
/home/an/spbu_deep_learning/classification/splitted/test/66738bf2-14b1-4ca0-aa63-a8badb913e2a.png,10
/home/an/spbu_deep_learning/classification/splitted/test/f4c29a4b-833b-4595-aa5c-579f0289f2c9.jpg,11
/home/an/spbu_deep_learning/classification/splitted/test/67b5b538-309e-455e-a783-7e4636074274.jpg,6
/home/an/spbu_deep_learning/classification/splitted/test/64fa9741-4953-4e65-acf6-38c5c9480e3b.png,5
/home/an/spbu_deep_learning/classification/splitted/test/d952ecfe-750c-44b2-96c2-1cac1a4ee146.png,2
/home/an/spbu_deep_learning/classification/splitted/test/976e9aaa-ce7b-4a6d-ab4b-b721d1808821.png,13
/home/an/spbu_deep_learning/classification/splitted/test/6955f8fb-c16f-4aa9-b622-3c78ac4e7281.jpg,0
/home/an/spbu_deep_learning/classification/splitted/test/a2237fdf-a222-4303-b38f-80aebfff307f.png,15
/home/an/spbu_deep_learning/classification/splitted/test/7b458232-46b5-4758-a7e7-53402d367d2d.png,2
/home/an/spbu_deep_learning/classification/splitted/test/9ba6fafe-07c2-47c7-83bf-2de78db0b986.png,2
/home/an/spbu_deep_learning/classification/splitted/test/10971537-a0a3-44f7-9690-daa910277dca.jpg,13
/home/an/spbu_deep_learning/classification/splitted/test/a21b5d19-00fd-4fcd-a402-b7b1f289bc8e.png,2
/home/an/spbu_deep_learning/classification/splitted/test/4b283b6b-7ac0-4449-9ff0-5d9920be1b51.jpg,14
/home/an/spbu_deep_learning/classification/splitted/test/e8513921-97fa-44a9-94c5-436e1479de79.png,8
/home/an/spbu_deep_learning/classification/splitted/test/4d36605c-8ed8-46ae-b278-696a7b372eec.png,11
/home/an/spbu_deep_learning/classification/splitted/test/ea363cbb-15e5-4b74-90ad-77cacf1fa2c8.png,10
/home/an/spbu_deep_learning/classification/splitted/test/605a1c1c-76a4-491d-90a9-0b1dc7d11c76.png,7
/home/an/spbu_deep_learning/classification/splitted/test/db4ca66e-575f-4d6c-9099-2f8277319e90.jpg,0
/home/an/spbu_deep_learning/classification/splitted/test/e748e1e3-e7fb-43b4-b971-f90fc6b5dfb1.png,6
/home/an/spbu_deep_learning/classification/splitted/test/6c5ba8ca-f815-402a-9132-eed18aa09607.jpg,11
/home/an/spbu_deep_learning/classification/splitted/test/eb640a27-f4eb-4cce-aa1a-119530dc7c6d.jpg,2
/home/an/spbu_deep_learning/classification/splitted/test/9d9ba946-8461-49b9-b82b-6a19ad7c10ef.png,6
/home/an/spbu_deep_learning/classification/splitted/test/0b56af3d-7fc6-4516-bc01-7e22391e9c51.png,4
/home/an/spbu_deep_learning/classification/splitted/test/82891abe-745c-4b5c-bdcd-b12c3edef9d5.png,3
/home/an/spbu_deep_learning/classification/splitted/test/1ddb6183-74fe-4ae6-989d-1333f5d7cc52.png,5
/home/an/spbu_deep_learning/classification/splitted/test/0fd4048d-9018-4fdd-80e4-ce966c3dcb7c.jpg,0
/home/an/spbu_deep_learning/classification/splitted/test/b94f6c7a-a10d-4805-8e6b-09ac19516a88.png,11
/home/an/spbu_deep_learning/classification/splitted/test/68ad16ee-d556-4b77-83a7-9eb687e9d92c.png,2
/home/an/spbu_deep_learning/classification/splitted/test/a7fc1cfd-364a-4e34-b830-e17db508cef2.png,7
/home/an/spbu_deep_learning/classification/splitted/test/ce6d8558-8914-4611-97e4-b976cff94b55.png,7
/home/an/spbu_deep_learning/classification/splitted/test/4ef602a6-4943-48b3-ab99-33a895cdea9e.jpg,17
/home/an/spbu_deep_learning/classification/splitted/test/68699fad-5cf2-4cf2-b401-def47e5d73d2.png,4
/home/an/spbu_deep_learning/classification/splitted/test/af291f00-d5a4-46a1-b45c-00ac396018b6.png,2
/home/an/spbu_deep_learning/classification/splitted/test/c85e5043-67cb-4005-8b22-86a567bfc8d8.png,13
/home/an/spbu_deep_learning/classification/splitted/test/2e7a1d63-8416-4ae7-bff6-40a582c217ec.jpg,17
/home/an/spbu_deep_learning/classification/splitted/test/9a438b9a-14a5-469e-b721-ab52e19cd95b.png,2
/home/an/spbu_deep_learning/classification/splitted/test/d783203c-cfbe-481e-87d0-d545fd3a7e25.png,1
/home/an/spbu_deep_learning/classification/splitted/test/2649b3d6-27c6-42e8-a924-b84c32dadb2f.jpg,9
/home/an/spbu_deep_learning/classification/splitted/test/a8216900-c997-47d0-baa2-8a62c723eadd.jpg,17
/home/an/spbu_deep_learning/classification/splitted/test/37ed032e-15e7-40f2-a66b-e3298d98c2af.png,16
/home/an/spbu_deep_learning/classification/splitted/test/efb867e3-8d71-45c8-815f-eb0c565ed00f.png,6
/home/an/spbu_deep_learning/classification/splitted/test/4b0a26d5-09af-4f89-8850-bf79438c230b.jpg,6
/home/an/spbu_deep_learning/classification/splitted/test/f0134031-b3dd-403e-a022-d1f4b31eb143.jpg,17
/home/an/spbu_deep_learning/classification/splitted/test/22071349-b4b8-4901-bb54-bead65f48b1e.png,6
/home/an/spbu_deep_learning/classification/splitted/test/339005ca-9759-472b-bd53-fdc9ab92f6ae.png,1
/home/an/spbu_deep_learning/classification/splitted/test/d225f9c1-9b9c-43e2-9875-2a5f86ea21c1.png,5
/home/an/spbu_deep_learning/classification/splitted/test/4914eeb5-2b17-4a78-9f23-df53e250abd5.png,11
/home/an/spbu_deep_learning/classification/splitted/test/5db96a1d-ce66-4319-8c4d-1b615fbbfd21.jpg,17
/home/an/spbu_deep_learning/classification/splitted/test/563445a2-de4e-4ad5-b081-d000cb1f6197.png,5
/home/an/spbu_deep_learning/classification/splitted/test/8ffabf54-d844-43e3-93e6-6fa775daf284.jpg,13
/home/an/spbu_deep_learning/classification/splitted/test/5ebfb9cb-cb6f-4c8c-96e9-23c334c876c2.png,0
/home/an/spbu_deep_learning/classification/splitted/test/fa61f1ad-ab09-4035-9423-5b2fd1455e02.png,16
/home/an/spbu_deep_learning/classification/splitted/test/8940e9d2-3391-40a1-9897-bb8f86f2ed89.png,5
/home/an/spbu_deep_learning/classification/splitted/test/c1e5fc0b-9279-4c6c-ad94-28accab65b03.png,8
/home/an/spbu_deep_learning/classification/splitted/test/96717084-eb73-48f0-a9f1-e16c163c22fc.png,10
/home/an/spbu_deep_learning/classification/splitted/test/77ee04d0-5f58-46d1-9639-d416e16dea89.jpg,10
/home/an/spbu_deep_learning/classification/splitted/test/73d06480-0a84-4a8a-8245-478047c7bb19.png,6
/home/an/spbu_deep_learning/classification/splitted/test/84e46132-c8fe-4a33-b206-642b0d107153.png,1
/home/an/spbu_deep_learning/classification/splitted/test/742dee17-d5f3-4e66-b374-a129784cdd8a.png,8
/home/an/spbu_deep_learning/classification/splitted/test/2f0fba3d-5eb1-4af6-80c9-a5e3f32b8e50.png,15
/home/an/spbu_deep_learning/classification/splitted/test/0048719e-24d9-4a5a-af75-ca62c2e90477.png,8
/home/an/spbu_deep_learning/classification/splitted/test/d8cc5cde-9926-476f-aa3c-e5d98be144d1.png,13
/home/an/spbu_deep_learning/classification/splitted/test/9d9f69ba-7f61-4541-88f4-2f4ff22f5185.png,0
/home/an/spbu_deep_learning/classification/splitted/test/8a6be8c3-9d01-4128-a741-17b105de5ac7.jpg,9
/home/an/spbu_deep_learning/classification/splitted/test/edfa6028-0410-4f03-8f7a-616837d322cf.png,7
/home/an/spbu_deep_learning/classification/splitted/test/e1f1751e-d082-459c-ae66-2a3b0f2efdc2.png,5
/home/an/spbu_deep_learning/classification/splitted/test/2ed52c53-c7fa-495f-83b5-2a8ffd3ef618.png,1
/home/an/spbu_deep_learning/classification/splitted/test/bec9b6fb-c28d-454b-8754-432cf90d031e.png,15
/home/an/spbu_deep_learning/classification/splitted/test/0a498a53-0d74-4e13-bfb7-11210a761208.png,11
/home/an/spbu_deep_learning/classification/splitted/test/fc12f214-7b6c-4c21-b798-7dfe769356e9.png,16
/home/an/spbu_deep_learning/classification/splitted/test/663e3b02-ed56-43a5-801b-16bd26a847f6.jpg,13
/home/an/spbu_deep_learning/classification/splitted/test/8a1efd89-7925-40db-92a3-2119036e141f.png,15
/home/an/spbu_deep_learning/classification/splitted/test/49beeded-b9d0-495c-a33d-f06598668cf5.png,15
/home/an/spbu_deep_learning/classification/splitted/test/9a9f56c4-0fde-4167-8585-c82882c0d941.png,6
/home/an/spbu_deep_learning/classification/splitted/test/2e8a851a-5220-4b6a-8497-8e0d49f64a97.png,12
/home/an/spbu_deep_learning/classification/splitted/test/1002d1c4-87a0-46bd-a34b-f6dd2f729bd8.png,15
/home/an/spbu_deep_learning/classification/splitted/test/8251a9dd-77fa-4b9c-9637-ff9ca20a1f7e.png,13
/home/an/spbu_deep_learning/classification/splitted/test/90d5f7aa-0e53-4810-81c0-b71393333ead.png,11
/home/an/spbu_deep_learning/classification/splitted/test/38fa10be-6eac-44c6-a4fb-f648df9d2174.png,16
/home/an/spbu_deep_learning/classification/splitted/test/b3342679-a62d-467b-b261-f218a2668eb6.png,8
/home/an/spbu_deep_learning/classification/splitted/test/9942de0b-0630-48a6-a8d1-bbedfa99cf2f.png,7
/home/an/spbu_deep_learning/classification/splitted/test/223656d5-a80b-4468-9e45-41b9e880824b.png,4
/home/an/spbu_deep_learning/classification/splitted/test/84f49512-90f8-4fc9-8130-e04777643c6b.png,4
/home/an/spbu_deep_learning/classification/splitted/test/287daebd-10be-4116-b7d1-f7f98eb4931d.png,13
/home/an/spbu_deep_learning/classification/splitted/test/26309bb8-ba27-4c26-b47b-61b6faef4d0c.png,2
/home/an/spbu_deep_learning/classification/splitted/test/52116a56-d638-4450-a49f-97a17b7971c3.png,16
/home/an/spbu_deep_learning/classification/splitted/test/2b2275f4-8bc4-44d8-80eb-1b1b5d1e5122.png,8
/home/an/spbu_deep_learning/classification/splitted/test/26c5acd5-d027-4096-8767-ff87eceba383.png,12
/home/an/spbu_deep_learning/classification/splitted/test/f343a45f-056c-43b5-9780-c8199500df1c.png,7
/home/an/spbu_deep_learning/classification/splitted/test/4d9375d5-2adf-4051-b7f5-10cf5b0f70c0.png,7
/home/an/spbu_deep_learning/classification/splitted/test/a67e8a03-c19b-4f8b-9a6f-f9a4a83caf7e.png,2
/home/an/spbu_deep_learning/classification/splitted/test/64096ab2-a3fc-4217-853e-0688c755bdb8.jpg,6
/home/an/spbu_deep_learning/classification/splitted/test/651a27d2-8c08-4c68-bea5-a48638ea25d6.png,15
/home/an/spbu_deep_learning/classification/splitted/test/27e806ba-079f-442c-a8b1-c551ec10bcf9.png,16
/home/an/spbu_deep_learning/classification/splitted/test/5a5df5d4-2e55-4e3b-822a-9d5fa1c486ff.png,4
/home/an/spbu_deep_learning/classification/splitted/test/e98619d6-79ce-4a2a-a824-9d8cff226afe.png,15
/home/an/spbu_deep_learning/classification/splitted/test/b2a56711-993c-45d1-bdf5-974ba1342bce.png,13
/home/an/spbu_deep_learning/classification/splitted/test/2b798a63-a9f6-4dde-bf70-104178702cbd.jpg,17
/home/an/spbu_deep_learning/classification/splitted/test/e452b099-3f40-496a-93c3-f32d207fa56d.jpg,14
/home/an/spbu_deep_learning/classification/splitted/test/6eb8a154-205c-434f-a38c-9e26540737ca.png,11
/home/an/spbu_deep_learning/classification/splitted/test/d7182e04-be57-463f-aa8e-f7ea15d1dbd8.png,7
/home/an/spbu_deep_learning/classification/splitted/test/380d30e0-991f-40e3-bef9-32f6e5d12ada.png,16
/home/an/spbu_deep_learning/classification/splitted/test/5d1525e9-2960-427f-a919-0faa7d48e722.png,12
/home/an/spbu_deep_learning/classification/splitted/test/3bf327c6-da94-4ea7-97c7-40076b09b4f0.jpg,14
/home/an/spbu_deep_learning/classification/splitted/test/3322551d-6dda-4659-a7dc-ea88c30b24f3.png,7
/home/an/spbu_deep_learning/classification/splitted/test/89461500-0d14-4913-855d-990b758913c8.png,1
/home/an/spbu_deep_learning/classification/splitted/test/eec1d0c5-7488-44c0-a177-9f850963dc44.png,6
/home/an/spbu_deep_learning/classification/splitted/test/85c3270b-7275-43d7-a124-76a3b50745f3.jpg,0
/home/an/spbu_deep_learning/classification/splitted/test/3441f7b6-55a0-4bd4-a72d-e10af0d81389.png,16
/home/an/spbu_deep_learning/classification/splitted/test/34341f1d-0f1b-4a67-89df-03c01bda437e.png,2
/home/an/spbu_deep_learning/classification/splitted/test/9b1d4560-b68a-40b6-ba7e-bbb9f45940b7.jpg,14
/home/an/spbu_deep_learning/classification/splitted/test/3f16a981-2524-4651-ab0e-c634e32393dc.png,16
/home/an/spbu_deep_learning/classification/splitted/test/f69ebaa9-594e-491e-bc63-eb4b72cda765.png,10
/home/an/spbu_deep_learning/classification/splitted/test/17eb6ed2-be1a-4930-90d6-60c791115861.png,15
/home/an/spbu_deep_learning/classification/splitted/test/72057ef0-4186-4ccb-8971-41654064e965.jpg,14
/home/an/spbu_deep_learning/classification/splitted/test/0e419221-7acc-4619-a19d-9e838005719a.png,2
/home/an/spbu_deep_learning/classification/splitted/test/f11bbc00-57f8-4a02-9ef6-b7cff822f14c.png,15
/home/an/spbu_deep_learning/classification/splitted/test/635468c2-5d23-4e3d-aad5-73184471727a.png,12
/home/an/spbu_deep_learning/classification/splitted/test/27d0921e-14db-4365-af76-4c13a1914897.png,16
/home/an/spbu_deep_learning/classification/splitted/test/fe0b9fe8-3c0e-4016-a5af-f4cd3a2793fe.jpeg,1
/home/an/spbu_deep_learning/classification/splitted/test/772021e6-9c25-42d8-abc0-af15596fcda6.png,16
/home/an/spbu_deep_learning/classification/splitted/test/071d4402-6e72-4385-8a4d-258de14cda11.png,15
/home/an/spbu_deep_learning/classification/splitted/test/2910a2bf-67e1-41e2-be2f-2df8342a8091.png,5
/home/an/spbu_deep_learning/classification/splitted/test/4c3418e5-aa28-4332-807f-0d8d01e37131.jpg,17
/home/an/spbu_deep_learning/classification/splitted/test/1ebf75e4-d2a8-49b2-8b65-5e59426e401f.jpg,14
/home/an/spbu_deep_learning/classification/splitted/test/b8ad9e50-fff2-4258-95cd-142cd50cffea.png,0
/home/an/spbu_deep_learning/classification/splitted/test/67c413b2-bb01-40b1-aa64-004b9f1063de.png,16
/home/an/spbu_deep_learning/classification/splitted/test/f5c34857-e1a7-4f2b-a556-b41a68f3ac75.jpg,9
/home/an/spbu_deep_learning/classification/splitted/test/e1132817-fd93-4d08-baae-8fa1d993d897.png,11
/home/an/spbu_deep_learning/classification/splitted/test/8d5e50ab-bacb-4206-81fd-9d537586d489.png,15
/home/an/spbu_deep_learning/classification/splitted/test/f6b5d59b-9d9b-4445-a545-a7f646da1fe6.jpg,13
/home/an/spbu_deep_learning/classification/splitted/test/1f885ec4-4463-49b8-878c-1a8027afddd5.jpg,0
/home/an/spbu_deep_learning/classification/splitted/test/02e4921e-4770-4e4d-86d6-a6b3fcd2f399.jpg,13
/home/an/spbu_deep_learning/classification/splitted/test/a7a9577e-460d-49a0-8ea8-9bef0b04d12a.png,16
/home/an/spbu_deep_learning/classification/splitted/test/875b718c-c311-4c56-83c6-08dd9c9c4160.png,2
/home/an/spbu_deep_learning/classification/splitted/test/539bbb13-34c8-4f35-b8ad-625721d694b9.jpg,13
/home/an/spbu_deep_learning/classification/splitted/test/e76a683b-4e52-4e83-a7a9-da8d272356df.png,2
/home/an/spbu_deep_learning/classification/splitted/test/0afda1e9-50cd-4b48-8b45-3023decb0df9.jpg,6
/home/an/spbu_deep_learning/classification/splitted/test/639c2c02-31b9-4c2e-9392-ddc2e2ec562f.png,3
/home/an/spbu_deep_learning/classification/splitted/test/aeda9b69-3241-43b9-b90d-4c4ea5abe611.jpg,0
/home/an/spbu_deep_learning/classification/splitted/test/be133570-6523-4d1a-9c6b-54465dad5c35.jpg,6
/home/an/spbu_deep_learning/classification/splitted/test/42cef71a-1028-441b-82a6-6863f022bc63.png,5
/home/an/spbu_deep_learning/classification/splitted/test/885eb901-b268-4e0c-aa7d-916a67df36b2.png,16
/home/an/spbu_deep_learning/classification/splitted/test/624616d1-2a57-41ae-a7b8-ac198030804b.png,16
/home/an/spbu_deep_learning/classification/splitted/test/98317974-eb1d-4d30-80c5-66f570faa4b6.jpg,17
/home/an/spbu_deep_learning/classification/splitted/test/9e8ecb67-0043-4381-8f86-f19b273a84c8.png,8
/home/an/spbu_deep_learning/classification/splitted/test/5341350a-057f-4d59-b4f8-be212287cdb5.png,8
/home/an/spbu_deep_learning/classification/splitted/test/e10e2016-c251-46ee-9bde-a0e8629d20f4.png,16
/home/an/spbu_deep_learning/classification/splitted/test/6c112c70-5277-4e9f-8691-17f4f0c785e3.png,1
/home/an/spbu_deep_learning/classification/splitted/test/c2c4be90-e1f2-49a8-8cf8-024efbce34ad.png,1
/home/an/spbu_deep_learning/classification/splitted/test/1a34cfd8-89b6-4774-a4e1-432fbfa1f469.jpg,0
/home/an/spbu_deep_learning/classification/splitted/test/417495c2-abdc-4e1d-af9a-006eb5fffd70.png,1
/home/an/spbu_deep_learning/classification/splitted/test/215e7b24-9b80-4220-8190-f4aedc453c67.jpg,14
/home/an/spbu_deep_learning/classification/splitted/test/1d3d01c0-88fc-4682-8a27-f09b883abf53.jpg,0
/home/an/spbu_deep_learning/classification/splitted/test/d19dffa9-a576-4dd4-bafc-5a7e34d20562.jpeg,0
/home/an/spbu_deep_learning/classification/splitted/test/43a9cbc5-8534-452d-b339-1abadffd64ed.png,0
/home/an/spbu_deep_learning/classification/splitted/test/f7682d82-7034-467c-8076-ed9faba26bc1.jpg,13
/home/an/spbu_deep_learning/classification/splitted/test/2ab4b256-4efd-41b6-9a3d-15cd86f4db84.png,4
/home/an/spbu_deep_learning/classification/splitted/test/5295bbd4-ce31-417c-afe7-8cea832179f5.jpg,9
/home/an/spbu_deep_learning/classification/splitted/test/a5f41196-57f6-4fd1-a2c4-6f492317e789.png,8
/home/an/spbu_deep_learning/classification/splitted/test/b1077787-bdfa-49fc-af97-0598b640f6bc.png,4
/home/an/spbu_deep_learning/classification/splitted/test/27ec83f9-e483-4251-acb2-dc7a8f2d42af.png,1
/home/an/spbu_deep_learning/classification/splitted/test/84bfa7b9-2bfe-4caf-88ad-621d1ac21394.png,16
/home/an/spbu_deep_learning/classification/splitted/test/450bbc41-62a7-4cb5-aaab-5019c73b99df.jpg,13
/home/an/spbu_deep_learning/classification/splitted/test/9adb3c8b-8eb3-46f5-81de-dfa51798d66e.png,4
/home/an/spbu_deep_learning/classification/splitted/test/726dc499-75d9-409d-8c1d-cf67291b92ec.png,10
/home/an/spbu_deep_learning/classification/splitted/test/d914fd6a-3012-4df4-942f-fc258dc591b4.png,4
/home/an/spbu_deep_learning/classification/splitted/test/dac8257d-30ba-4160-afe7-a3b63252f5e3.png,13
/home/an/spbu_deep_learning/classification/splitted/test/de69973d-4fcd-4036-96da-df52738f911b.png,16
/home/an/spbu_deep_learning/classification/splitted/test/f4927308-4187-4980-8881-87bf5696bf20.png,8
/home/an/spbu_deep_learning/classification/splitted/test/36bd3701-e3c9-4e7a-9ee6-7977caf066e4.png,11
/home/an/spbu_deep_learning/classification/splitted/test/06e7b68c-c35d-4aa8-adcf-7efa79843c26.jpg,13
/home/an/spbu_deep_learning/classification/splitted/test/b3174571-a9a3-4693-a22a-f953712416f0.png,0
/home/an/spbu_deep_learning/classification/splitted/test/5917791f-411b-4159-b386-79c52b7f5f39.png,12
/home/an/spbu_deep_learning/classification/splitted/test/cb03d6e9-7dac-4d48-b44e-0e5c399b3393.png,12
/home/an/spbu_deep_learning/classification/splitted/test/256f9293-b8d9-428a-9c77-3deb5b247521.png,12
/home/an/spbu_deep_learning/classification/splitted/test/bcc59855-433c-4fae-bddb-8ed52810776e.png,6
/home/an/spbu_deep_learning/classification/splitted/test/adb24b60-47e5-420d-a710-8187198b8c09.png,8
/home/an/spbu_deep_learning/classification/splitted/test/bfdd8814-9647-45c4-84e7-9e35adede211.png,10
/home/an/spbu_deep_learning/classification/splitted/test/ecbefe21-610e-4227-a9f8-d5e9ce93e4d5.jpg,14
/home/an/spbu_deep_learning/classification/splitted/test/4db71609-970e-45e9-a0a4-f45124aa64ef.png,8
/home/an/spbu_deep_learning/classification/splitted/test/c529c607-7e7d-47c4-8d11-2da29d62c4ab.png,15
/home/an/spbu_deep_learning/classification/splitted/test/7d144aee-3ce4-4a33-99b5-f608c361e92f.png,10
/home/an/spbu_deep_learning/classification/splitted/test/623c92bd-ecdd-4c80-8a5c-90811bcd5d22.jpg,6
/home/an/spbu_deep_learning/classification/splitted/test/a09318b4-7e98-42ea-af94-376dbf9b3347.png,5
/home/an/spbu_deep_learning/classification/splitted/test/f96774f7-837c-42ac-b8f5-c8cc7b46fba8.png,1
/home/an/spbu_deep_learning/classification/splitted/test/a908afea-efd1-4784-b9d7-c93cb01bb2cb.png,4
/home/an/spbu_deep_learning/classification/splitted/test/9589d319-d4c7-41fc-9bac-55999956ed54.png,15
/home/an/spbu_deep_learning/classification/splitted/test/b872b9a6-441b-424d-8c47-3643cfd384a0.png,12
/home/an/spbu_deep_learning/classification/splitted/test/c52df247-fd10-4e95-9773-9eaf64cd41bf.png,5
/home/an/spbu_deep_learning/classification/splitted/test/59f55033-5756-41d0-8b57-6096e6503c9a.jpg,7
/home/an/spbu_deep_learning/classification/splitted/test/bb7792d0-8256-4536-8f65-841614a92340.png,13
/home/an/spbu_deep_learning/classification/splitted/test/62fa0949-37c2-4cbb-a351-80b4f294bcfc.png,3
/home/an/spbu_deep_learning/classification/splitted/test/ad6445d7-6561-402b-afc8-910ad8637d73.png,10
/home/an/spbu_deep_learning/classification/splitted/test/a6fa8ad5-cdf8-41ed-b52a-7451e7332a0a.png,1
/home/an/spbu_deep_learning/classification/splitted/test/053800a1-8a78-4a55-9aaa-015d6dcf94c8.jpg,13
/home/an/spbu_deep_learning/classification/splitted/test/8ef31a04-0d67-4dca-a9d5-5712abffd04b.png,16
/home/an/spbu_deep_learning/classification/splitted/test/94a67003-9538-4edb-8f27-bc32a8677774.png,2
/home/an/spbu_deep_learning/classification/splitted/test/e6e7f1c6-1006-4888-8bc4-009bcf08cb71.png,7
/home/an/spbu_deep_learning/classification/splitted/test/7c69095b-2697-41b4-b3fc-b74b04924d62.png,13
/home/an/spbu_deep_learning/classification/splitted/test/0db7604d-c8e9-42f3-95c3-f294b50557b4.jpeg,0
/home/an/spbu_deep_learning/classification/splitted/test/a29a1030-8a78-4aa0-8720-23b233ffe660.jpg,14
/home/an/spbu_deep_learning/classification/splitted/test/ea47a640-c1ab-4997-96dd-0cdc5b952c0d.jpg,14
/home/an/spbu_deep_learning/classification/splitted/test/9e9f68c4-35d2-479f-95ba-82fc62f1761f.png,7
/home/an/spbu_deep_learning/classification/splitted/test/1bfc9e16-106c-47ab-b107-97b87b345914.png,6
/home/an/spbu_deep_learning/classification/splitted/test/52c95aaf-22c2-4aa9-856d-4beb369e43aa.png,7
/home/an/spbu_deep_learning/classification/splitted/test/46c92e3d-e164-466a-81ee-7ff4dcc190f3.png,0
/home/an/spbu_deep_learning/classification/splitted/test/b4e4f85d-c194-45db-9ffd-b6d2593abcad.jpg,17
/home/an/spbu_deep_learning/classification/splitted/test/53c50733-63b1-46ee-b3a5-8395b7e5f1ec.png,3
/home/an/spbu_deep_learning/classification/splitted/test/c986a257-6294-4196-9ca3-5d3349bc85eb.png,16
/home/an/spbu_deep_learning/classification/splitted/test/5e38997d-a703-4b7b-b43a-223b82c2f3e5.png,0
/home/an/spbu_deep_learning/classification/splitted/test/ca069c6b-9c33-4a82-872a-2b91144be386.png,5
/home/an/spbu_deep_learning/classification/splitted/test/a1d6303e-475f-48f1-9610-f7e936dee4f3.png,12
/home/an/spbu_deep_learning/classification/splitted/test/fe669d74-9668-4f48-b560-690303ad9645.png,10
/home/an/spbu_deep_learning/classification/splitted/test/41e5f27c-a591-4264-a494-b78611fca35f.png,12
/home/an/spbu_deep_learning/classification/splitted/test/c420bd58-4a09-46b8-8f13-399dd24006fe.png,8
/home/an/spbu_deep_learning/classification/splitted/test/df85cf9b-3cb3-4c14-8e01-14b6e6d810ee.png,2
/home/an/spbu_deep_learning/classification/splitted/test/c99d71e1-69c6-4f1d-8e0f-d119cea159b7.jpg,14
/home/an/spbu_deep_learning/classification/splitted/test/24e8faf1-6db8-45e4-9144-546028a94d7b.png,2
/home/an/spbu_deep_learning/classification/splitted/test/9401633a-1435-4574-9290-c2ad4b3da752.png,6
/home/an/spbu_deep_learning/classification/splitted/test/2264423c-b3cb-4ab3-980a-9d65e6a3c00e.png,5
/home/an/spbu_deep_learning/classification/splitted/test/8b943f5f-a1ae-45db-ba5e-751dadb8edf8.jpg,0
/home/an/spbu_deep_learning/classification/splitted/test/00479183-ca4e-49c1-927d-f7209ff23145.png,11
/home/an/spbu_deep_learning/classification/splitted/test/9b13e473-4b51-4cbd-a624-039d247c5484.png,7
/home/an/spbu_deep_learning/classification/splitted/test/6e889e3b-704a-4d83-9bec-3231be4d617c.png,8
/home/an/spbu_deep_learning/classification/splitted/test/358033fe-f795-4af9-9a51-8acc9cf915f6.png,13
/home/an/spbu_deep_learning/classification/splitted/test/0e598ed2-41c4-4c6b-a0a4-75c20f4cfcae.png,6
/home/an/spbu_deep_learning/classification/splitted/test/d8ac6571-ad85-46ab-ad03-b653a38a0fae.jpg,11
/home/an/spbu_deep_learning/classification/splitted/test/e3132e3c-b27b-468f-ae08-98aa874e0bf9.png,8
/home/an/spbu_deep_learning/classification/splitted/test/317e80e8-72db-4803-a077-42c04dafbd13.png,10
/home/an/spbu_deep_learning/classification/splitted/test/0570d95b-f307-48be-877f-ecae6e2a45d7.jpg,13
/home/an/spbu_deep_learning/classification/splitted/test/058438ac-f9dd-4375-9029-ad37d3e391dd.png,13
/home/an/spbu_deep_learning/classification/splitted/test/435ad60a-2f93-4661-81c7-6136ef4896e8.png,0
/home/an/spbu_deep_learning/classification/splitted/test/9959a62e-762b-415c-9181-880746368fe0.png,7
/home/an/spbu_deep_learning/classification/splitted/test/7eb492f8-1d02-42c4-8497-8b5cfaf5273d.png,12
/home/an/spbu_deep_learning/classification/splitted/test/acf25557-f983-4a51-84fa-a1d8335ff385.png,1
/home/an/spbu_deep_learning/classification/splitted/test/faf051aa-2a04-4a69-8411-9d6ba6a880ff.png,2
/home/an/spbu_deep_learning/classification/splitted/test/9e25f083-99e4-402a-8a86-059d80741ccc.png,16
/home/an/spbu_deep_learning/classification/splitted/test/7d995560-1a97-4fc3-96ee-5b11f393a8fa.png,12
/home/an/spbu_deep_learning/classification/splitted/test/96b4d2a2-5222-47e3-9537-5edbef7752a6.png,12
/home/an/spbu_deep_learning/classification/splitted/test/795cdd77-e1ab-4514-b047-d2c439fbdb23.jpg,13
/home/an/spbu_deep_learning/classification/splitted/test/7e83766e-d56a-4f1a-8ba8-a1e64969f4df.png,5
/home/an/spbu_deep_learning/classification/splitted/test/cb6eafc1-07ee-49bf-9d67-1f8e7ef8e428.png,1
/home/an/spbu_deep_learning/classification/splitted/test/7743eb1e-9b48-4bc2-8535-fcabcaf88558.png,16
/home/an/spbu_deep_learning/classification/splitted/test/d20a000d-3074-4c7b-93c8-79629f5beb82.png,7
/home/an/spbu_deep_learning/classification/splitted/test/882c816a-b266-4f11-9cc9-8c126814b389.jpg,17
/home/an/spbu_deep_learning/classification/splitted/test/b806cfaa-e655-4700-b14b-98329f17b4ad.png,0
/home/an/spbu_deep_learning/classification/splitted/test/fbfe9cb9-cd02-47cd-b828-a69d095eafc3.png,13
/home/an/spbu_deep_learning/classification/splitted/test/10b6aaa8-d7ae-43ea-b56e-fb42dd531606.png,15
/home/an/spbu_deep_learning/classification/splitted/test/ca057937-3bb5-484b-8978-bc50069cd1ad.png,7
/home/an/spbu_deep_learning/classification/splitted/test/4abd2ba6-65e8-42e2-bb3d-e66eaa42eb7e.png,12
/home/an/spbu_deep_learning/classification/splitted/test/f5e9d0d5-f3b5-442b-8587-4e363044dc24.png,10
/home/an/spbu_deep_learning/classification/splitted/test/a7f5080a-d650-4df3-bb05-2e4f37a49c19.png,2
/home/an/spbu_deep_learning/classification/splitted/test/53358e4f-1893-4178-8c08-0c323d75ed2e.png,1
/home/an/spbu_deep_learning/classification/splitted/test/f0109162-43c0-4ee9-97be-be5beff1b2d6.png,1
/home/an/spbu_deep_learning/classification/splitted/test/558dbd4e-b032-4b86-83a4-cb10aca80f34.png,15
/home/an/spbu_deep_learning/classification/splitted/test/90ae22c3-4b99-4044-bb73-c0d2336ffdc3.png,10
/home/an/spbu_deep_learning/classification/splitted/test/a1accc1d-778d-44ab-a302-b1813609b7bb.png,15
/home/an/spbu_deep_learning/classification/splitted/test/22e8e4a8-05e9-4b08-879f-25d33a29a7d9.png,3
/home/an/spbu_deep_learning/classification/splitted/test/021185cc-ccd9-4fb3-b797-d1922042ac4d.png,3
/home/an/spbu_deep_learning/classification/splitted/test/7c4febe5-bb19-48d1-976e-430112cad527.jpg,14
/home/an/spbu_deep_learning/classification/splitted/test/d9ffbcdb-5c6f-4110-955f-fac6ecc488c6.png,8
/home/an/spbu_deep_learning/classification/splitted/test/4fe2833b-ffad-4219-8015-ad1cc4b931f5.png,10
/home/an/spbu_deep_learning/classification/splitted/test/68884cfe-9732-4440-b60a-b028285b130d.png,16
/home/an/spbu_deep_learning/classification/splitted/test/de10c655-7c3d-43fd-89f7-e6bad5cfdc53.png,8
/home/an/spbu_deep_learning/classification/splitted/test/9ad53fb7-43a9-4d1c-b3cd-aa473ebcd449.png,7
/home/an/spbu_deep_learning/classification/splitted/test/baa4911b-026e-498e-9b0d-e042c904e935.png,11
/home/an/spbu_deep_learning/classification/splitted/test/978a85f2-e13b-42c4-83ab-f97dfd562a80.jpg,13
/home/an/spbu_deep_learning/classification/splitted/test/cebd531a-9697-42ca-a814-2f300132cbea.png,12
/home/an/spbu_deep_learning/classification/splitted/test/6ecb52a6-57d6-4398-ab24-19ef4ab915d5.jpg,14
/home/an/spbu_deep_learning/classification/splitted/test/6a1479ff-a2ec-4dc7-8628-376f5b383832.png,15
/home/an/spbu_deep_learning/classification/splitted/test/7b62f027-04f8-49db-a759-4c3ea3cf6d59.png,5
/home/an/spbu_deep_learning/classification/splitted/test/e5535852-7029-413e-a64e-ea98272224ea.png,12
/home/an/spbu_deep_learning/classification/splitted/test/32e71162-f7f8-4df9-9527-3c0a21f4be06.png,12
/home/an/spbu_deep_learning/classification/splitted/test/24418dc1-958e-4e53-b19d-9ad157ec7ce2.png,2
/home/an/spbu_deep_learning/classification/splitted/test/7762764d-2a95-4a81-ab72-feaf2f5af812.png,2
/home/an/spbu_deep_learning/classification/splitted/test/8bfb90d9-58b2-4c3c-b142-891e753790bf.png,5
/home/an/spbu_deep_learning/classification/splitted/test/d5afd0f7-980f-4cdc-ae1a-c1ba52204406.png,15
/home/an/spbu_deep_learning/classification/splitted/test/2b8ae73e-e2d9-4eaa-9466-a8659e44a60d.png,12
/home/an/spbu_deep_learning/classification/splitted/test/17c0c14a-3b0b-48f2-8771-6e65e95342ec.png,3
/home/an/spbu_deep_learning/classification/splitted/test/bf67c24a-a18f-4266-bbf8-039a18f63a4c.png,6
/home/an/spbu_deep_learning/classification/splitted/test/44f8f698-66fe-43d9-9cfb-464c6a9ae5c1.png,10
/home/an/spbu_deep_learning/classification/splitted/test/4e326bcf-96f7-4072-bee2-e435ba40d728.png,12
/home/an/spbu_deep_learning/classification/splitted/test/60234ca7-9c72-4895-a330-b51b2198cb78.png,11
/home/an/spbu_deep_learning/classification/splitted/test/57b5d775-4b0c-47cd-9997-fb2644a470d4.png,3
/home/an/spbu_deep_learning/classification/splitted/test/88b6195d-126e-4212-85ed-6df63bf90aee.jpg,14
/home/an/spbu_deep_learning/classification/splitted/test/a38307a3-c4b8-472b-9d13-9bfebb078960.png,15
/home/an/spbu_deep_learning/classification/splitted/test/f31e552c-ebbe-4cc4-ad1c-74936745a508.jpg,0
/home/an/spbu_deep_learning/classification/splitted/test/303224ae-9852-4298-a986-24f71b7f81e1.jpg,13
/home/an/spbu_deep_learning/classification/splitted/test/dcfe15b0-d3e9-46d8-9d57-10e89fd2ca84.png,1
/home/an/spbu_deep_learning/classification/splitted/test/03f71e49-1c7d-469e-ac6c-c5bd27c7634b.jpg,13
/home/an/spbu_deep_learning/classification/splitted/test/398dff5f-4842-4514-84fa-86cc9251738a.jpg,0
/home/an/spbu_deep_learning/classification/splitted/test/36ab1faf-e411-48b3-9880-8b561f3a0c05.png,3
/home/an/spbu_deep_learning/classification/splitted/test/573fc9e3-b8db-43ab-9ea2-8d3f43e7eb12.png,5
/home/an/spbu_deep_learning/classification/splitted/test/30a076cc-0cf4-4fa0-bbef-2eb0c291526c.jpg,17
/home/an/spbu_deep_learning/classification/splitted/test/3fe2aa8e-bcc9-4922-a870-9f02b4537d76.png,12
/home/an/spbu_deep_learning/classification/splitted/test/a44b893c-e3a5-4ea3-8909-8d41e81ae443.jpg,0
/home/an/spbu_deep_learning/classification/splitted/test/991f16fc-59cb-4ffe-8232-502775f60ea5.png,6
/home/an/spbu_deep_learning/classification/splitted/test/bc6bc758-067f-46b7-9908-a4ca64cbb043.png,15
/home/an/spbu_deep_learning/classification/splitted/test/7987921a-8a5e-4f0e-bc1a-8cef461e5011.png,3
/home/an/spbu_deep_learning/classification/splitted/test/b3394621-87c9-488c-9caa-b116c931ca25.jpg,0
/home/an/spbu_deep_learning/classification/splitted/test/f1e6e468-8c9c-49e7-b372-f03510fec021.png,1
/home/an/spbu_deep_learning/classification/splitted/test/e583ea22-188a-4524-b2e4-26a000925479.png,7
/home/an/spbu_deep_learning/classification/splitted/test/be2d326b-1198-46a4-98ed-66452a7b4289.png,3
/home/an/spbu_deep_learning/classification/splitted/test/391be8ed-320c-49fb-a73d-2df47ee24b89.png,11
/home/an/spbu_deep_learning/classification/splitted/test/cbd718d6-8780-4962-9c9f-3dbbc6925beb.png,3
/home/an/spbu_deep_learning/classification/splitted/test/d3a49778-966d-4992-a115-869656773178.jpg,7
/home/an/spbu_deep_learning/classification/splitted/test/58724480-188e-4f7b-8673-0d85ddefe360.png,7
/home/an/spbu_deep_learning/classification/splitted/test/710cefe7-9e35-45b7-82d5-3ec123de540e.jpg,14
/home/an/spbu_deep_learning/classification/splitted/test/4b17990c-2263-4004-8653-32cb4e789b3f.png,3
/home/an/spbu_deep_learning/classification/splitted/test/c7da685f-2ee9-468a-8647-6de68cda3a67.png,16
/home/an/spbu_deep_learning/classification/splitted/test/509d49cc-1b96-41ea-ae62-dfc7e08ed160.jpg,8
/home/an/spbu_deep_learning/classification/splitted/test/3d21acab-07e6-4084-bf6b-fc3ede2d4dbc.png,15
/home/an/spbu_deep_learning/classification/splitted/test/544aeb84-9d21-4acf-8749-1a3f263d9ae5.png,4
/home/an/spbu_deep_learning/classification/splitted/test/38b21438-e076-4638-8e3e-50329f0f99d2.png,4
/home/an/spbu_deep_learning/classification/splitted/test/8280c681-0ee2-4823-8e01-16263c6cdd87.png,7
/home/an/spbu_deep_learning/classification/splitted/test/4196a0e7-3df1-4fbb-96dc-d51d2d479673.png,11
/home/an/spbu_deep_learning/classification/splitted/test/8737c63f-70f1-45e6-962f-427d1866f8f2.png,11
/home/an/spbu_deep_learning/classification/splitted/test/89beb6c7-cf9c-46a8-8ac6-dd16f6a8f996.png,7
/home/an/spbu_deep_learning/classification/splitted/test/ef880e2a-e493-485d-88f5-6246244db7af.png,5
/home/an/spbu_deep_learning/classification/splitted/test/f5c2baf3-617e-42a6-9220-aad888810493.png,8
/home/an/spbu_deep_learning/classification/splitted/test/2c10df09-9bb4-4fae-9c5d-76e4db270d01.png,2
/home/an/spbu_deep_learning/classification/splitted/test/2c2e6bed-df90-4f12-bacc-2933c807695e.png,8
/home/an/spbu_deep_learning/classification/splitted/test/339622e9-3d6e-413c-8607-c436228db942.png,6
/home/an/spbu_deep_learning/classification/splitted/test/53115663-908c-4cb2-8691-25a016ee245b.jpg,9
/home/an/spbu_deep_learning/classification/splitted/test/ee4090a4-6908-48bf-a4b4-dd57c79c8b72.png,15
/home/an/spbu_deep_learning/classification/splitted/test/543a65b2-fc35-4f3d-9f75-7e7282cbcecc.png,10
/home/an/spbu_deep_learning/classification/splitted/test/d915fa05-028b-48cc-b3ac-0894cd484f1f.jpg,14
/home/an/spbu_deep_learning/classification/splitted/test/e8755a71-7b68-44e5-87f2-53e54feb877c.png,5
/home/an/spbu_deep_learning/classification/splitted/test/28e776b9-1fff-4680-a3ed-160d0500a6b0.png,3
/home/an/spbu_deep_learning/classification/splitted/test/1e8ed61c-a239-44b2-a69e-8403646aab44.png,10
/home/an/spbu_deep_learning/classification/splitted/test/2cfe6185-7498-42e6-95d3-35a156bae681.png,1
/home/an/spbu_deep_learning/classification/splitted/test/6d2256de-424f-44a7-9a61-60c66172cc10.png,16
